Symbol,Name,Market,YF_Ticker,CFICode,市場別,產業別,上市日
1101,台泥,TWSE,1101.TW,ESVUFR,上市,水泥工業,1962/02/09
1102,亞泥,TWSE,1102.TW,ESVUFR,上市,水泥工業,1962/06/08
1103,嘉泥,TWSE,1103.TW,ESVUFR,上市,水泥工業,1969/11/14
1104,環泥,TWSE,1104.TW,ESVUFR,上市,水泥工業,1971/02/01
1108,幸福,TWSE,1108.TW,ESVUFR,上市,水泥工業,1990/06/06
1109,信大,TWSE,1109.TW,ESVUFR,上市,水泥工業,1991/12/05
1110,東泥,TWSE,1110.TW,ESVUFR,上市,水泥工業,1994/10/22
1201,味全,TWSE,1201.TW,ESVUFR,上市,食品工業,1962/02/09
1203,味王,TWSE,1203.TW,ESVUFR,上市,食品工業,1964/08/24
1210,大成,TWSE,1210.TW,ESVUFR,上市,食品工業,1978/05/20
1213,大飲,TWSE,1213.TW,ESVUFR,上市,食品工業,1981/04/10
1215,卜蜂,TWSE,1215.TW,ESVUFR,上市,食品工業,1987/07/27
1216,統一,TWSE,1216.TW,ESVUFR,上市,食品工業,1987/12/28
1217,愛之味,TWSE,1217.TW,ESVUFR,上市,食品工業,1989/10/28
1218,泰山,TWSE,1218.TW,ESVUFR,上市,食品工業,1989/11/11
1219,福壽,TWSE,1219.TW,ESVUFR,上市,食品工業,1990/12/01
1220,台榮,TWSE,1220.TW,ESVUFR,上市,食品工業,1991/11/20
1225,福懋油,TWSE,1225.TW,ESVUFR,上市,食品工業,1993/09/27
1227,佳格,TWSE,1227.TW,ESVUFR,上市,食品工業,1994/04/09
1229,聯華,TWSE,1229.TW,ESVUFR,上市,食品工業,1976/07/19
1231,聯華食,TWSE,1231.TW,ESVUFR,上市,食品工業,1995/11/02
1232,大統益,TWSE,1232.TW,ESVUFR,上市,食品工業,1996/02/09
1233,天仁,TWSE,1233.TW,ESVUFR,上市,食品工業,1999/01/20
1234,黑松,TWSE,1234.TW,ESVUFR,上市,食品工業,1999/03/12
1235,興泰,TWSE,1235.TW,ESVUFR,上市,食品工業,2000/09/11
1236,宏亞,TWSE,1236.TW,ESVUFR,上市,食品工業,2001/09/17
1256,鮮活果汁-KY,TWSE,1256.TW,ESVUFR,上市,食品工業,2016/03/17
1301,台塑,TWSE,1301.TW,ESVUFR,上市,塑膠工業,1964/07/27
1303,南亞,TWSE,1303.TW,ESVUFR,上市,塑膠工業,1967/11/05
1304,台聚,TWSE,1304.TW,ESVUFR,上市,塑膠工業,1972/05/20
1305,華夏,TWSE,1305.TW,ESVUFR,上市,塑膠工業,1973/03/05
1307,三芳,TWSE,1307.TW,ESVUFR,上市,塑膠工業,1985/11/23
1308,亞聚,TWSE,1308.TW,ESVUFR,上市,塑膠工業,1986/06/20
1309,台達化,TWSE,1309.TW,ESVUFR,上市,塑膠工業,1986/06/27
1310,台苯,TWSE,1310.TW,ESVUFR,上市,塑膠工業,1987/08/06
1312,國喬,TWSE,1312.TW,ESVUFR,上市,塑膠工業,1988/12/21
1313,聯成,TWSE,1313.TW,ESVUFR,上市,塑膠工業,1989/03/27
1314,中石化,TWSE,1314.TW,ESVUFR,上市,塑膠工業,1991/07/12
1315,達新,TWSE,1315.TW,ESVUFR,上市,塑膠工業,1992/05/09
1316,上曜,TWSE,1316.TW,ESVUFR,上市,建材營造業,1992/10/15
1319,東陽,TWSE,1319.TW,ESVUFR,上市,汽車工業,1994/12/12
1321,大洋,TWSE,1321.TW,ESVUFR,上市,塑膠工業,1999/01/26
1323,永裕,TWSE,1323.TW,ESVUFR,上市,塑膠工業,2000/09/11
1324,地球,TWSE,1324.TW,ESVUFR,上市,塑膠工業,2000/09/11
1325,恆大,TWSE,1325.TW,ESVUFR,上市,塑膠工業,2000/09/11
1326,台化,TWSE,1326.TW,ESVUFR,上市,塑膠工業,1984/12/20
1337,再生-KY,TWSE,1337.TW,ESVUFR,上市,塑膠工業,2011/07/01
1338,廣華-KY,TWSE,1338.TW,ESVUFR,上市,汽車工業,2012/12/19
1339,昭輝,TWSE,1339.TW,ESVUFR,上市,汽車工業,2012/04/24
1340,勝悅-KY,TWSE,1340.TW,ESVUFR,上市,塑膠工業,2013/12/06
1341,富林-KY,TWSE,1341.TW,ESVUFR,上市,塑膠工業,2018/12/24
1342,八貫,TWSE,1342.TW,ESVUFR,上市,其他業,2020/11/24
1402,遠東新,TWSE,1402.TW,ESVUFR,上市,紡織纖維,1967/04/14
1409,新纖,TWSE,1409.TW,ESVUFR,上市,紡織纖維,1973/08/31
1410,南染,TWSE,1410.TW,ESVUFR,上市,紡織纖維,1973/10/18
1413,宏洲,TWSE,1413.TW,ESVUFR,上市,紡織纖維,1975/12/23
1414,東和,TWSE,1414.TW,ESVUFR,上市,紡織纖維,1976/02/02
1416,廣豐,TWSE,1416.TW,ESVUFR,上市,其他業,1976/04/20
1417,嘉裕,TWSE,1417.TW,ESVUFR,上市,紡織纖維,1976/12/28
1418,東華,TWSE,1418.TW,ESVUFR,上市,紡織纖維,1977/02/14
1419,新紡,TWSE,1419.TW,ESVUFR,上市,紡織纖維,1977/03/14
1423,利華,TWSE,1423.TW,ESVUFR,上市,紡織纖維,1979/04/02
1432,大魯閣,TWSE,1432.TW,ESVUFR,上市,運動休閒,1982/07/26
1434,福懋,TWSE,1434.TW,ESVUFR,上市,紡織纖維,1985/12/24
1435,中福,TWSE,1435.TW,ESVUFR,上市,其他業,1987/12/28
1436,華友聯,TWSE,1436.TW,ESVUFR,上市,建材營造業,1988/04/11
1437,勤益控,TWSE,1437.TW,ESVUFR,上市,其他業,1988/11/10
1438,三地開發,TWSE,1438.TW,ESVUFR,上市,建材營造業,1988/12/15
1439,雋揚,TWSE,1439.TW,ESVUFR,上市,建材營造業,1989/05/22
1440,南紡,TWSE,1440.TW,ESVUFR,上市,紡織纖維,1989/10/03
1441,大東,TWSE,1441.TW,ESVUFR,上市,紡織纖維,1989/10/27
1442,名軒,TWSE,1442.TW,ESVUFR,上市,建材營造業,1989/11/16
1443,立益物流,TWSE,1443.TW,ESVUFR,上市,其他業,1990/04/21
1444,力麗,TWSE,1444.TW,ESVUFR,上市,紡織纖維,1990/08/08
1445,大宇,TWSE,1445.TW,ESVUFR,上市,紡織纖維,1991/02/05
1446,宏和,TWSE,1446.TW,ESVUFR,上市,紡織纖維,1991/10/15
1447,力鵬,TWSE,1447.TW,ESVUFR,上市,紡織纖維,1992/01/28
1449,佳和,TWSE,1449.TW,ESVUFR,上市,紡織纖維,1992/03/12
1451,年興,TWSE,1451.TW,ESVUFR,上市,紡織纖維,1992/12/21
1452,宏益,TWSE,1452.TW,ESVUFR,上市,紡織纖維,1992/12/28
1453,大將,TWSE,1453.TW,ESVUFR,上市,建材營造業,1993/04/19
1454,台富,TWSE,1454.TW,ESVUFR,上市,紡織纖維,1993/05/07
1455,集盛,TWSE,1455.TW,ESVUFR,上市,紡織纖維,1993/10/07
1456,怡華,TWSE,1456.TW,ESVUFR,上市,建材營造業,1993/12/09
1457,宜進,TWSE,1457.TW,ESVUFR,上市,紡織纖維,1994/10/20
1459,聯發,TWSE,1459.TW,ESVUFR,上市,紡織纖維,1994/10/26
1460,宏遠,TWSE,1460.TW,ESVUFR,上市,紡織纖維,1995/04/28
1463,強盛新,TWSE,1463.TW,ESVUFR,上市,紡織纖維,1996/12/05
1464,得力,TWSE,1464.TW,ESVUFR,上市,紡織纖維,1997/01/18
1465,偉全,TWSE,1465.TW,ESVUFR,上市,紡織纖維,1997/09/08
1466,聚隆,TWSE,1466.TW,ESVUFR,上市,紡織纖維,1998/04/04
1467,南緯,TWSE,1467.TW,ESVUFR,上市,紡織纖維,1998/12/21
1468,昶和,TWSE,1468.TW,ESVUFR,上市,紡織纖維,1999/01/21
1470,大統新創,TWSE,1470.TW,ESVUFR,上市,紡織纖維,1999/05/21
1471,首利,TWSE,1471.TW,ESVUFR,上市,電子零組件業,2000/03/06
1472,三洋實業,TWSE,1472.TW,ESVUFR,上市,建材營造業,2000/09/11
1473,台南,TWSE,1473.TW,ESVUFR,上市,紡織纖維,2000/09/11
1474,弘裕,TWSE,1474.TW,ESVUFR,上市,紡織纖維,2000/10/31
1475,業旺,TWSE,1475.TW,ESVUFR,上市,紡織纖維,2000/10/27
1476,儒鴻,TWSE,1476.TW,ESVUFR,上市,紡織纖維,2001/04/18
1477,聚陽,TWSE,1477.TW,ESVUFR,上市,紡織纖維,2003/01/21
1503,士電,TWSE,1503.TW,ESVUFR,上市,電機機械,1969/12/15
1504,東元,TWSE,1504.TW,ESVUFR,上市,電機機械,1973/11/05
1506,正道,TWSE,1506.TW,ESVUFR,上市,電機機械,1980/08/11
1512,瑞利,TWSE,1512.TW,ESVUFR,上市,汽車工業,1994/01/28
1513,中興電,TWSE,1513.TW,ESVUFR,上市,電機機械,1994/03/08
1514,亞力,TWSE,1514.TW,ESVUFR,上市,電機機械,1994/03/26
1515,力山,TWSE,1515.TW,ESVUFR,上市,電機機械,1995/02/04
1516,川飛,TWSE,1516.TW,ESVUFR,上市,其他業,1995/04/01
1517,利奇,TWSE,1517.TW,ESVUFR,上市,電機機械,1995/11/14
1519,華城,TWSE,1519.TW,ESVUFR,上市,電機機械,1997/04/16
1521,大億,TWSE,1521.TW,ESVUFR,上市,汽車工業,1997/10/06
1522,堤維西,TWSE,1522.TW,ESVUFR,上市,汽車工業,1997/10/06
1524,耿鼎,TWSE,1524.TW,ESVUFR,上市,汽車工業,1998/10/30
1525,江申,TWSE,1525.TW,ESVUFR,上市,汽車工業,1999/05/15
1526,日馳,TWSE,1526.TW,ESVUFR,上市,電機機械,2000/03/27
1527,鑽全,TWSE,1527.TW,ESVUFR,上市,電機機械,2000/06/21
1528,恩德,TWSE,1528.TW,ESVUFR,上市,電機機械,2000/09/11
1529,樂事綠能,TWSE,1529.TW,ESVUFR,上市,電機機械,2000/09/11
1530,亞崴,TWSE,1530.TW,ESVUFR,上市,電機機械,2000/09/11
1531,高林股,TWSE,1531.TW,ESVUFR,上市,電機機械,2000/09/11
1532,勤美,TWSE,1532.TW,ESVUFR,上市,電機機械,2000/09/11
1533,車王電,TWSE,1533.TW,ESVUFR,上市,汽車工業,2001/04/06
1535,中宇,TWSE,1535.TW,ESVUFR,上市,電機機械,2001/09/17
1536,和大,TWSE,1536.TW,ESVUFR,上市,汽車工業,2001/09/17
1537,廣隆,TWSE,1537.TW,ESVUFR,上市,電機機械,2002/01/22
1538,正峰,TWSE,1538.TW,ESVUFR,上市,電機機械,2002/08/26
1539,巨庭,TWSE,1539.TW,ESVUFR,上市,電機機械,2002/10/29
1540,喬福,TWSE,1540.TW,ESVUFR,上市,電機機械,2002/08/26
1541,錩泰,TWSE,1541.TW,ESVUFR,上市,電機機械,2003/03/19
1558,伸興,TWSE,1558.TW,ESVUFR,上市,電機機械,2014/12/23
1560,中砂,TWSE,1560.TW,ESVUFR,上市,電機機械,2005/01/31
1563,巧新,TWSE,1563.TW,ESVUFR,上市,汽車工業,2024/05/13
1568,倉佑,TWSE,1568.TW,ESVUFR,上市,汽車工業,2014/05/14
1582,信錦,TWSE,1582.TW,ESVUFR,上市,電子零組件業,2009/12/17
1583,程泰,TWSE,1583.TW,ESVUFR,上市,電機機械,2008/01/24
1587,吉茂,TWSE,1587.TW,ESVUFR,上市,汽車工業,2018/04/16
1589,永冠-KY,TWSE,1589.TW,ESVUFR,上市,電機機械,2012/04/27
1590,亞德客-KY,TWSE,1590.TW,ESVUFR,上市,電機機械,2010/12/13
1597,直得,TWSE,1597.TW,ESVUFR,上市,電機機械,2020/12/23
1598,岱宇,TWSE,1598.TW,ESVUFR,上市,運動休閒,2016/09/20
1603,華電,TWSE,1603.TW,ESVUFR,上市,電器電纜,1968/06/03
1604,聲寶,TWSE,1604.TW,ESVUFR,上市,電器電纜,1970/12/14
1605,華新,TWSE,1605.TW,ESVUFR,上市,電器電纜,1972/11/03
1608,華榮,TWSE,1608.TW,ESVUFR,上市,電器電纜,1988/07/11
1609,大亞,TWSE,1609.TW,ESVUFR,上市,電器電纜,1988/12/12
1611,中電,TWSE,1611.TW,ESVUFR,上市,電器電纜,1990/01/16
1612,宏泰,TWSE,1612.TW,ESVUFR,上市,電器電纜,1993/05/08
1614,三洋電,TWSE,1614.TW,ESVUFR,上市,電器電纜,1997/09/18
1615,大山,TWSE,1615.TW,ESVUFR,上市,電器電纜,2000/03/30
1616,億泰,TWSE,1616.TW,ESVUFR,上市,電器電纜,2000/09/11
1617,榮星,TWSE,1617.TW,ESVUFR,上市,電器電纜,2000/09/11
1618,合機,TWSE,1618.TW,ESVUFR,上市,電器電纜,2000/09/11
1623,大東電,TWSE,1623.TW,ESVUFR,上市,電器電纜,2026/01/22
1626,艾美特-KY,TWSE,1626.TW,ESVUFR,上市,電器電纜,2013/03/21
1702,南僑,TWSE,1702.TW,ESVUFR,上市,食品工業,1973/05/30
1707,葡萄王,TWSE,1707.TW,ESVUFR,上市,生技醫療業,1982/12/20
1708,東鹼,TWSE,1708.TW,ESVUFR,上市,化學工業,1986/06/16
1709,和益,TWSE,1709.TW,ESVUFR,上市,化學工業,1986/07/03
1710,東聯,TWSE,1710.TW,ESVUFR,上市,化學工業,1987/10/21
1711,永光,TWSE,1711.TW,ESVUFR,上市,化學工業,1988/12/27
1712,興農,TWSE,1712.TW,ESVUFR,上市,化學工業,1989/12/14
1713,國化,TWSE,1713.TW,ESVUFR,上市,化學工業,1990/01/31
1714,和桐,TWSE,1714.TW,ESVUFR,上市,化學工業,1991/08/30
1717,長興,TWSE,1717.TW,ESVUFR,上市,化學工業,1994/03/31
1718,中纖,TWSE,1718.TW,ESVUFR,上市,化學工業,1963/12/02
1720,生達,TWSE,1720.TW,ESVUFR,上市,生技醫療業,1995/12/12
1721,國慶科技,TWSE,1721.TW,ESVUFR,上市,化學工業,1996/05/16
1722,台肥,TWSE,1722.TW,ESVUFR,上市,化學工業,1998/03/24
1723,中碳,TWSE,1723.TW,ESVUFR,上市,化學工業,1998/11/27
1725,元禎,TWSE,1725.TW,ESVUFR,上市,化學工業,2000/09/11
1726,永記,TWSE,1726.TW,ESVUFR,上市,化學工業,2000/09/11
1727,中華化,TWSE,1727.TW,ESVUFR,上市,化學工業,2000/09/11
1730,花仙子,TWSE,1730.TW,ESVUFR,上市,化學工業,2001/09/17
1731,美吾華,TWSE,1731.TW,ESVUFR,上市,生技醫療業,2001/09/17
1732,毛寶,TWSE,1732.TW,ESVUFR,上市,化學工業,2001/09/17
1733,五鼎,TWSE,1733.TW,ESVUFR,上市,生技醫療業,2001/09/17
1734,杏輝,TWSE,1734.TW,ESVUFR,上市,生技醫療業,2002/08/26
1735,日勝化,TWSE,1735.TW,ESVUFR,上市,化學工業,2002/08/26
1736,喬山,TWSE,1736.TW,ESVUFR,上市,運動休閒,2003/01/09
1737,臺鹽,TWSE,1737.TW,ESVUFR,上市,食品工業,2003/11/18
1752,南光,TWSE,1752.TW,ESVUFR,上市,生技醫療業,2022/01/19
1760,寶齡富錦,TWSE,1760.TW,ESVUFR,上市,生技醫療業,2018/01/23
1762,中化生,TWSE,1762.TW,ESVUFR,上市,生技醫療業,2010/12/20
1773,勝一,TWSE,1773.TW,ESVUFR,上市,化學工業,2009/02/27
1776,展宇,TWSE,1776.TW,ESVUFR,上市,化學工業,2016/05/09
1783,和康生,TWSE,1783.TW,ESVUFR,上市,生技醫療業,2013/12/20
1786,科妍,TWSE,1786.TW,ESVUFR,上市,生技醫療業,2013/11/12
1789,神隆,TWSE,1789.TW,ESVUFR,上市,生技醫療業,2011/09/29
1795,美時,TWSE,1795.TW,ESVUFR,上市,生技醫療業,2019/12/16
1802,台玻,TWSE,1802.TW,ESVUFR,上市,玻璃陶瓷,1973/07/20
1805,寶徠,TWSE,1805.TW,ESVUFR,上市,建材營造業,1989/10/20
1806,冠軍,TWSE,1806.TW,ESVUFR,上市,玻璃陶瓷,1992/09/29
1808,潤隆,TWSE,1808.TW,ESVUFR,上市,建材營造業,1994/10/26
1809,中釉,TWSE,1809.TW,ESVUFR,上市,玻璃陶瓷,1996/04/30
1810,和成,TWSE,1810.TW,ESVUFR,上市,玻璃陶瓷,1991/10/14
1817,凱撒衛,TWSE,1817.TW,ESVUFR,上市,玻璃陶瓷,2013/10/24
1903,士紙,TWSE,1903.TW,ESVUFR,上市,造紙工業,1963/12/09
1904,正隆,TWSE,1904.TW,ESVUFR,上市,造紙工業,1971/09/10
1905,華紙,TWSE,1905.TW,ESVUFR,上市,造紙工業,1975/02/07
1906,寶隆,TWSE,1906.TW,ESVUFR,上市,造紙工業,1976/04/26
1907,永豐餘,TWSE,1907.TW,ESVUFR,上市,造紙工業,1977/02/22
1909,榮成,TWSE,1909.TW,ESVUFR,上市,造紙工業,1985/11/19
2002,中鋼,TWSE,2002.TW,ESVUFR,上市,鋼鐵工業,1974/12/26
2006,東和鋼鐵,TWSE,2006.TW,ESVUFR,上市,鋼鐵工業,1988/07/13
2007,燁興,TWSE,2007.TW,ESVUFR,上市,鋼鐵工業,1988/10/04
2008,高興昌,TWSE,2008.TW,ESVUFR,上市,鋼鐵工業,1988/12/28
2009,第一銅,TWSE,2009.TW,ESVUFR,上市,鋼鐵工業,1989/10/20
2010,春源,TWSE,2010.TW,ESVUFR,上市,鋼鐵工業,1989/12/22
2012,春雨,TWSE,2012.TW,ESVUFR,上市,鋼鐵工業,1991/10/17
2013,中鋼構,TWSE,2013.TW,ESVUFR,上市,鋼鐵工業,1992/01/21
2014,中鴻,TWSE,2014.TW,ESVUFR,上市,鋼鐵工業,1992/02/20
2015,豐興,TWSE,2015.TW,ESVUFR,上市,鋼鐵工業,1992/05/25
2017,官田鋼,TWSE,2017.TW,ESVUFR,上市,鋼鐵工業,1992/11/02
2020,美亞,TWSE,2020.TW,ESVUFR,上市,鋼鐵工業,1993/04/27
2022,聚亨,TWSE,2022.TW,ESVUFR,上市,鋼鐵工業,1995/03/27
2023,燁輝,TWSE,2023.TW,ESVUFR,上市,鋼鐵工業,1995/07/28
2024,志聯,TWSE,2024.TW,ESVUFR,上市,鋼鐵工業,1995/12/30
2025,千興,TWSE,2025.TW,ESVUFR,上市,鋼鐵工業,1996/02/08
2027,大成鋼,TWSE,2027.TW,ESVUFR,上市,鋼鐵工業,1996/10/24
2028,威致,TWSE,2028.TW,ESVUFR,上市,鋼鐵工業,1996/12/13
2029,盛餘,TWSE,2029.TW,ESVUFR,上市,鋼鐵工業,1997/01/11
2030,彰源,TWSE,2030.TW,ESVUFR,上市,鋼鐵工業,1998/12/24
2031,新光鋼,TWSE,2031.TW,ESVUFR,上市,鋼鐵工業,2000/09/11
2032,新鋼,TWSE,2032.TW,ESVUFR,上市,鋼鐵工業,2000/09/11
2033,佳大,TWSE,2033.TW,ESVUFR,上市,鋼鐵工業,2000/09/11
2034,允強,TWSE,2034.TW,ESVUFR,上市,鋼鐵工業,2001/09/17
2038,海光,TWSE,2038.TW,ESVUFR,上市,鋼鐵工業,2008/12/30
2049,上銀,TWSE,2049.TW,ESVUFR,上市,電機機械,2009/06/26
2059,川湖,TWSE,2059.TW,ESVUFR,上市,電子零組件業,2008/06/25
2062,橋椿,TWSE,2062.TW,ESVUFR,上市,居家生活,2007/11/16
2069,運錩,TWSE,2069.TW,ESVUFR,上市,鋼鐵工業,2016/03/22
2072,世紀風電,TWSE,2072.TW,ESVUFR,上市,綠能環保,2026/03/26
2101,南港,TWSE,2101.TW,ESVUFR,上市,橡膠工業,1963/11/01
2102,泰豐,TWSE,2102.TW,ESVUFR,上市,橡膠工業,1979/07/16
2103,台橡,TWSE,2103.TW,ESVUFR,上市,橡膠工業,1982/09/25
2104,國際中橡,TWSE,2104.TW,ESVUFR,上市,橡膠工業,1986/07/15
2105,正新,TWSE,2105.TW,ESVUFR,上市,橡膠工業,1987/12/07
2106,建大,TWSE,2106.TW,ESVUFR,上市,橡膠工業,1990/12/20
2107,厚生,TWSE,2107.TW,ESVUFR,上市,橡膠工業,1992/03/03
2108,南帝,TWSE,2108.TW,ESVUFR,上市,橡膠工業,1992/10/27
2109,華豐,TWSE,2109.TW,ESVUFR,上市,橡膠工業,2000/05/08
2114,鑫永銓,TWSE,2114.TW,ESVUFR,上市,橡膠工業,2010/12/29
2115,六暉-KY,TWSE,2115.TW,ESVUFR,上市,汽車工業,2013/12/25
2201,裕隆,TWSE,2201.TW,ESVUFR,上市,汽車工業,1976/07/08
2204,中華,TWSE,2204.TW,ESVUFR,上市,汽車工業,1991/03/12
2206,三陽工業,TWSE,2206.TW,ESVUFR,上市,汽車工業,1996/07/29
2207,和泰車,TWSE,2207.TW,ESVUFR,上市,汽車工業,1997/02/25
2208,台船,TWSE,2208.TW,ESVUFR,上市,航運業,2008/12/22
2211,長榮鋼,TWSE,2211.TW,ESVUFR,上市,鋼鐵工業,2021/04/12
2227,裕日車,TWSE,2227.TW,ESVUFR,上市,汽車工業,2004/12/21
2228,劍麟,TWSE,2228.TW,ESVUFR,上市,汽車工業,2013/11/25
2231,為升,TWSE,2231.TW,ESVUFR,上市,汽車工業,2010/11/19
2233,宇隆,TWSE,2233.TW,ESVUFR,上市,汽車工業,2019/09/17
2236,百達-KY,TWSE,2236.TW,ESVUFR,上市,汽車工業,2015/06/03
2239,英利-KY,TWSE,2239.TW,ESVUFR,上市,汽車工業,2016/01/27
2241,艾姆勒,TWSE,2241.TW,ESVUFR,上市,汽車工業,2020/08/26
2243,宏旭-KY,TWSE,2243.TW,ESVUFR,上市,汽車工業,2017/09/27
2247,汎德永業,TWSE,2247.TW,ESVUFR,上市,汽車工業,2020/10/12
2248,華勝-KY,TWSE,2248.TW,ESVUFR,上市,汽車工業,2025/03/13
2250,IKKA-KY,TWSE,2250.TW,ESVUFR,上市,汽車工業,2021/05/31
2301,光寶科,TWSE,2301.TW,ESVUFR,上市,電腦及週邊設備業,1995/11/17
2302,麗正,TWSE,2302.TW,ESVUFR,上市,半導體業,1985/01/15
2303,聯電,TWSE,2303.TW,ESVUFR,上市,半導體業,1985/07/16
2305,全友,TWSE,2305.TW,ESVUFR,上市,電腦及週邊設備業,1988/10/21
2308,台達電,TWSE,2308.TW,ESVUFR,上市,電子零組件業,1988/12/19
2312,金寶,TWSE,2312.TW,ESVUFR,上市,其他電子業,1989/11/07
2313,華通,TWSE,2313.TW,ESVUFR,上市,電子零組件業,1990/07/24
2314,台揚,TWSE,2314.TW,ESVUFR,上市,通信網路業,1990/08/08
2316,楠梓電,TWSE,2316.TW,ESVUFR,上市,電子零組件業,1991/02/05
2317,鴻海,TWSE,2317.TW,ESVUFR,上市,其他電子業,1991/06/18
2321,東訊,TWSE,2321.TW,ESVUFR,上市,通信網路業,1991/11/08
2323,中環,TWSE,2323.TW,ESVUFR,上市,光電業,1992/02/17
2324,仁寶,TWSE,2324.TW,ESVUFR,上市,電腦及週邊設備業,1992/02/18
2327,國巨*,TWSE,2327.TW,ESVUFR,上市,電子零組件業,1993/10/22
2328,廣宇,TWSE,2328.TW,ESVUFR,上市,電子零組件業,1993/11/09
2329,華泰,TWSE,2329.TW,ESVUFR,上市,半導體業,1994/04/20
2330,台積電,TWSE,2330.TW,ESVUFR,上市,半導體業,1994/09/05
2331,精英,TWSE,2331.TW,ESVUFR,上市,電腦及週邊設備業,1994/09/21
2332,友訊,TWSE,2332.TW,ESVUFR,上市,通信網路業,1994/10/17
2337,旺宏,TWSE,2337.TW,ESVUFR,上市,半導體業,1995/03/15
2338,光罩,TWSE,2338.TW,ESVUFR,上市,半導體業,1995/04/17
2340,台亞,TWSE,2340.TW,ESVUFR,上市,半導體業,1995/05/02
2342,茂矽,TWSE,2342.TW,ESVUFR,上市,半導體業,1995/09/19
2344,華邦電,TWSE,2344.TW,ESVUFR,上市,半導體業,1995/10/18
2345,智邦,TWSE,2345.TW,ESVUFR,上市,通信網路業,1995/11/15
2347,聯強,TWSE,2347.TW,ESVUFR,上市,電子通路業,1995/12/13
2348,海悅,TWSE,2348.TW,ESVUFR,上市,其他業,1996/01/05
2349,錸德,TWSE,2349.TW,ESVUFR,上市,光電業,1996/04/23
2351,順德,TWSE,2351.TW,ESVUFR,上市,半導體業,1996/04/25
2352,佳世達,TWSE,2352.TW,ESVUFR,上市,電腦及週邊設備業,1996/07/22
2353,宏碁,TWSE,2353.TW,ESVUFR,上市,電腦及週邊設備業,1996/09/18
2354,鴻準,TWSE,2354.TW,ESVUFR,上市,其他電子業,1996/10/08
2355,敬鵬,TWSE,2355.TW,ESVUFR,上市,電子零組件業,1996/10/14
2356,英業達,TWSE,2356.TW,ESVUFR,上市,電腦及週邊設備業,1996/11/13
2357,華碩,TWSE,2357.TW,ESVUFR,上市,電腦及週邊設備業,1996/11/14
2359,所羅門,TWSE,2359.TW,ESVUFR,上市,其他電子業,1996/12/19
2360,致茂,TWSE,2360.TW,ESVUFR,上市,其他電子業,1996/12/21
2362,藍天,TWSE,2362.TW,ESVUFR,上市,電腦及週邊設備業,1997/04/02
2363,矽統,TWSE,2363.TW,ESVUFR,上市,半導體業,1997/08/01
2364,倫飛,TWSE,2364.TW,ESVUFR,上市,電腦及週邊設備業,1997/08/11
2365,昆盈,TWSE,2365.TW,ESVUFR,上市,電腦及週邊設備業,1997/11/03
2367,燿華,TWSE,2367.TW,ESVUFR,上市,電子零組件業,1997/12/13
2368,金像電,TWSE,2368.TW,ESVUFR,上市,電子零組件業,1998/03/09
2369,菱生,TWSE,2369.TW,ESVUFR,上市,半導體業,1998/04/10
2371,大同,TWSE,2371.TW,ESVUFR,上市,電機機械,1962/02/09
2373,震旦行,TWSE,2373.TW,ESVUFR,上市,其他電子業,1991/08/01
2374,佳能,TWSE,2374.TW,ESVUFR,上市,光電業,1995/01/16
2375,凱美,TWSE,2375.TW,ESVUFR,上市,電子零組件業,1998/08/29
2376,技嘉,TWSE,2376.TW,ESVUFR,上市,電腦及週邊設備業,1998/09/24
2377,微星,TWSE,2377.TW,ESVUFR,上市,電腦及週邊設備業,1998/10/31
2379,瑞昱,TWSE,2379.TW,ESVUFR,上市,半導體業,1998/10/26
2380,虹光,TWSE,2380.TW,ESVUFR,上市,電腦及週邊設備業,1998/12/03
2382,廣達,TWSE,2382.TW,ESVUFR,上市,電腦及週邊設備業,1999/01/08
2383,台光電,TWSE,2383.TW,ESVUFR,上市,電子零組件業,1998/11/27
2385,群光,TWSE,2385.TW,ESVUFR,上市,電子零組件業,1999/01/05
2387,精元,TWSE,2387.TW,ESVUFR,上市,電腦及週邊設備業,1999/01/25
2388,威盛,TWSE,2388.TW,ESVUFR,上市,半導體業,1999/03/05
2390,云辰,TWSE,2390.TW,ESVUFR,上市,其他電子業,1999/06/15
2392,正崴,TWSE,2392.TW,ESVUFR,上市,電子零組件業,1999/09/20
2393,億光,TWSE,2393.TW,ESVUFR,上市,光電業,1999/11/04
2395,研華,TWSE,2395.TW,ESVUFR,上市,電腦及週邊設備業,1999/12/13
2397,友通,TWSE,2397.TW,ESVUFR,上市,電腦及週邊設備業,2000/01/15
2399,映泰,TWSE,2399.TW,ESVUFR,上市,電腦及週邊設備業,1999/12/16
2401,凌陽,TWSE,2401.TW,ESVUFR,上市,半導體業,2000/01/27
2402,毅嘉,TWSE,2402.TW,ESVUFR,上市,電子零組件業,2000/01/14
2404,漢唐,TWSE,2404.TW,ESVUFR,上市,其他電子業,2000/03/14
2405,輔信,TWSE,2405.TW,ESVUFR,上市,電腦及週邊設備業,2000/03/17
2406,國碩,TWSE,2406.TW,ESVUFR,上市,光電業,2000/04/29
2408,南亞科,TWSE,2408.TW,ESVUFR,上市,半導體業,2000/08/17
2409,友達,TWSE,2409.TW,ESVUFR,上市,光電業,2000/09/08
2412,中華電,TWSE,2412.TW,ESVUFR,上市,通信網路業,2000/10/27
2413,環科,TWSE,2413.TW,ESVUFR,上市,電子零組件業,2000/09/11
2414,精技,TWSE,2414.TW,ESVUFR,上市,電子通路業,2000/09/11
2415,錩新,TWSE,2415.TW,ESVUFR,上市,電子零組件業,2000/09/11
2417,圓剛,TWSE,2417.TW,ESVUFR,上市,電腦及週邊設備業,2000/09/11
2419,仲琦,TWSE,2419.TW,ESVUFR,上市,通信網路業,2000/09/11
2420,新巨,TWSE,2420.TW,ESVUFR,上市,電子零組件業,2000/09/11
2421,建準,TWSE,2421.TW,ESVUFR,上市,電子零組件業,2000/09/11
2423,固緯,TWSE,2423.TW,ESVUFR,上市,其他電子業,2000/09/11
2424,隴華,TWSE,2424.TW,ESVUFR,上市,通信網路業,2000/09/11
2425,承啟,TWSE,2425.TW,ESVUFR,上市,電腦及週邊設備業,2000/09/11
2426,鼎元,TWSE,2426.TW,ESVUFR,上市,光電業,2000/09/11
2427,三商電,TWSE,2427.TW,ESVUFR,上市,資訊服務業,2000/09/11
2428,興勤,TWSE,2428.TW,ESVUFR,上市,電子零組件業,2000/09/11
2429,銘旺科,TWSE,2429.TW,ESVUFR,上市,光電業,2000/09/11
2430,燦坤,TWSE,2430.TW,ESVUFR,上市,電子通路業,2000/09/11
2431,聯昌,TWSE,2431.TW,ESVUFR,上市,電子零組件業,2000/09/11
2433,互盛電,TWSE,2433.TW,ESVUFR,上市,其他電子業,2000/09/11
2434,統懋,TWSE,2434.TW,ESVUFR,上市,半導體業,2000/09/11
2436,偉詮電,TWSE,2436.TW,ESVUFR,上市,半導體業,2000/09/11
2438,翔耀,TWSE,2438.TW,ESVUFR,上市,光電業,2000/09/11
2439,美律,TWSE,2439.TW,ESVUFR,上市,通信網路業,2000/09/11
2440,太空梭,TWSE,2440.TW,ESVUFR,上市,電子零組件業,2000/11/10
2441,超豐,TWSE,2441.TW,ESVUFR,上市,半導體業,2000/10/26
2442,新美齊,TWSE,2442.TW,ESVUFR,上市,建材營造業,2000/11/22
2444,兆勁,TWSE,2444.TW,ESVUFR,上市,通信網路業,2000/12/08
2449,京元電子,TWSE,2449.TW,ESVUFR,上市,半導體業,2001/05/09
2450,神腦,TWSE,2450.TW,ESVUFR,上市,通信網路業,2001/05/24
2451,創見,TWSE,2451.TW,ESVUFR,上市,半導體業,2001/05/03
2453,凌群,TWSE,2453.TW,ESVUFR,上市,資訊服務業,2001/05/22
2454,聯發科,TWSE,2454.TW,ESVUFR,上市,半導體業,2001/07/23
2455,全新,TWSE,2455.TW,ESVUFR,上市,通信網路業,2002/01/24
2457,飛宏,TWSE,2457.TW,ESVUFR,上市,電子零組件業,2001/09/17
2458,義隆,TWSE,2458.TW,ESVUFR,上市,半導體業,2001/09/17
2459,敦吉,TWSE,2459.TW,ESVUFR,上市,其他電子業,2001/09/17
2460,建通,TWSE,2460.TW,ESVUFR,上市,電子零組件業,2001/09/17
2461,光群雷,TWSE,2461.TW,ESVUFR,上市,其他電子業,2001/09/17
2462,良得電,TWSE,2462.TW,ESVUFR,上市,電子零組件業,2001/09/17
2464,盟立,TWSE,2464.TW,ESVUFR,上市,其他電子業,2001/09/17
2465,麗臺,TWSE,2465.TW,ESVUFR,上市,電腦及週邊設備業,2001/09/19
2466,冠西電,TWSE,2466.TW,ESVUFR,上市,光電業,2001/09/17
2467,志聖,TWSE,2467.TW,ESVUFR,上市,電子零組件業,2001/09/17
2468,華經,TWSE,2468.TW,ESVUFR,上市,資訊服務業,2001/09/17
2471,資通,TWSE,2471.TW,ESVUFR,上市,資訊服務業,2001/09/17
2472,立隆電,TWSE,2472.TW,ESVUFR,上市,電子零組件業,2001/09/17
2474,可成,TWSE,2474.TW,ESVUFR,上市,其他電子業,2001/09/17
2476,鉅祥,TWSE,2476.TW,ESVUFR,上市,電子零組件業,2001/09/17
2477,美隆電,TWSE,2477.TW,ESVUFR,上市,其他電子業,2001/09/17
2478,大毅,TWSE,2478.TW,ESVUFR,上市,電子零組件業,2001/09/17
2480,敦陽科,TWSE,2480.TW,ESVUFR,上市,資訊服務業,2001/09/17
2481,強茂,TWSE,2481.TW,ESVUFR,上市,半導體業,2001/09/17
2482,連宇,TWSE,2482.TW,ESVUFR,上市,其他電子業,2001/09/17
2483,百容,TWSE,2483.TW,ESVUFR,上市,電子零組件業,2001/09/17
2484,希華,TWSE,2484.TW,ESVUFR,上市,電子零組件業,2001/09/17
2485,兆赫,TWSE,2485.TW,ESVUFR,上市,通信網路業,2001/09/17
2486,一詮,TWSE,2486.TW,ESVUFR,上市,光電業,2001/09/19
2488,漢平,TWSE,2488.TW,ESVUFR,上市,其他電子業,2001/09/17
2489,瑞軒,TWSE,2489.TW,ESVUFR,上市,光電業,2001/09/17
2491,吉祥全,TWSE,2491.TW,ESVUFR,上市,光電業,2001/09/17
2492,華新科,TWSE,2492.TW,ESVUFR,上市,電子零組件業,2001/09/17
2493,揚博,TWSE,2493.TW,ESVUFR,上市,電子零組件業,2002/01/23
2495,普安,TWSE,2495.TW,ESVUFR,上市,電腦及週邊設備業,2002/03/25
2496,卓越,TWSE,2496.TW,ESVUFR,上市,其他業,2002/03/08
2497,怡利電,TWSE,2497.TW,ESVUFR,上市,汽車工業,2002/02/04
2498,宏達電,TWSE,2498.TW,ESVUFR,上市,通信網路業,2002/03/26
2501,國建,TWSE,2501.TW,ESVUFR,上市,建材營造業,1967/10/28
2504,國產,TWSE,2504.TW,ESVUFR,上市,建材營造業,1978/03/14
2505,國揚,TWSE,2505.TW,ESVUFR,上市,建材營造業,1979/11/14
2506,太設,TWSE,2506.TW,ESVUFR,上市,建材營造業,1980/02/02
2509,全坤建,TWSE,2509.TW,ESVUFR,上市,建材營造業,1988/05/20
2511,太子,TWSE,2511.TW,ESVUFR,上市,建材營造業,1991/04/24
2514,龍邦,TWSE,2514.TW,ESVUFR,上市,其他業,1992/09/26
2515,中工,TWSE,2515.TW,ESVUFR,上市,建材營造業,1993/03/02
2516,新建,TWSE,2516.TW,ESVUFR,上市,建材營造業,1993/05/25
2520,冠德,TWSE,2520.TW,ESVUFR,上市,建材營造業,1993/10/27
2524,京城,TWSE,2524.TW,ESVUFR,上市,建材營造業,1994/10/18
2527,宏璟,TWSE,2527.TW,ESVUFR,上市,建材營造業,1995/03/06
2528,皇普,TWSE,2528.TW,ESVUFR,上市,建材營造業,1995/03/10
2530,華建,TWSE,2530.TW,ESVUFR,上市,建材營造業,1995/10/12
2534,宏盛,TWSE,2534.TW,ESVUFR,上市,建材營造業,1996/02/12
2535,達欣工,TWSE,2535.TW,ESVUFR,上市,建材營造業,1996/03/11
2536,宏普,TWSE,2536.TW,ESVUFR,上市,建材營造業,1996/03/14
2537,聯上發,TWSE,2537.TW,ESVUFR,上市,建材營造業,1996/09/06
2538,基泰,TWSE,2538.TW,ESVUFR,上市,建材營造業,1996/11/01
2539,櫻花建,TWSE,2539.TW,ESVUFR,上市,建材營造業,1997/07/16
2540,愛山林,TWSE,2540.TW,ESVUFR,上市,建材營造業,1989/12/26
2542,興富發,TWSE,2542.TW,ESVUFR,上市,建材營造業,1999/05/03
2543,皇昌,TWSE,2543.TW,ESVUFR,上市,建材營造業,1999/10/15
2545,皇翔,TWSE,2545.TW,ESVUFR,上市,建材營造業,2000/09/11
2546,根基,TWSE,2546.TW,ESVUFR,上市,建材營造業,2000/09/11
2547,日勝生,TWSE,2547.TW,ESVUFR,上市,建材營造業,2000/12/22
2548,華固,TWSE,2548.TW,ESVUFR,上市,建材營造業,2002/08/26
2597,潤弘,TWSE,2597.TW,ESVUFR,上市,建材營造業,2010/03/26
2601,益航,TWSE,2601.TW,ESVUFR,上市,航運業,1965/11/04
2603,長榮,TWSE,2603.TW,ESVUFR,上市,航運業,1987/09/21
2605,新興,TWSE,2605.TW,ESVUFR,上市,航運業,1989/12/08
2606,裕民,TWSE,2606.TW,ESVUFR,上市,航運業,1990/12/08
2607,榮運,TWSE,2607.TW,ESVUFR,上市,航運業,1990/12/14
2608,嘉里大榮,TWSE,2608.TW,ESVUFR,上市,航運業,1990/12/20
2609,陽明,TWSE,2609.TW,ESVUFR,上市,航運業,1992/04/20
2610,華航,TWSE,2610.TW,ESVUFR,上市,航運業,1993/02/26
2611,志信,TWSE,2611.TW,ESVUFR,上市,航運業,1993/10/28
2612,中航,TWSE,2612.TW,ESVUFR,上市,航運業,1994/10/20
2613,中櫃,TWSE,2613.TW,ESVUFR,上市,航運業,1995/01/20
2614,東森,TWSE,2614.TW,ESVUFR,上市,其他業,1995/09/23
2615,萬海,TWSE,2615.TW,ESVUFR,上市,航運業,1996/05/16
2616,山隆,TWSE,2616.TW,ESVUFR,上市,油電燃氣業,1997/11/08
2617,台航,TWSE,2617.TW,ESVUFR,上市,航運業,1998/06/24
2618,長榮航,TWSE,2618.TW,ESVUFR,上市,航運業,2001/09/17
2630,亞航,TWSE,2630.TW,ESVUFR,上市,航運業,2018/02/22
2633,台灣高鐵,TWSE,2633.TW,ESVUFR,上市,航運業,2016/10/27
2634,漢翔,TWSE,2634.TW,ESVUFR,上市,航運業,2014/08/25
2636,台驊控股,TWSE,2636.TW,ESVUFR,上市,航運業,2016/12/22
2637,慧洋-KY,TWSE,2637.TW,ESVUFR,上市,航運業,2010/12/01
2642,宅配通,TWSE,2642.TW,ESVUFR,上市,航運業,2013/12/12
2645,長榮航太,TWSE,2645.TW,ESVUFR,上市,航運業,2023/03/14
2646,星宇航空,TWSE,2646.TW,ESVUFR,上市,航運業,2024/10/25
2701,萬企,TWSE,2701.TW,ESVUFR,上市,觀光餐旅,1965/03/22
2702,華園,TWSE,2702.TW,ESVUFR,上市,觀光餐旅,1965/02/14
2704,國賓,TWSE,2704.TW,ESVUFR,上市,觀光餐旅,1982/11/10
2705,六福,TWSE,2705.TW,ESVUFR,上市,觀光餐旅,1988/12/24
2706,第一店,TWSE,2706.TW,ESVUFR,上市,觀光餐旅,1991/06/25
2707,晶華,TWSE,2707.TW,ESVUFR,上市,觀光餐旅,1998/03/09
2712,遠雄來,TWSE,2712.TW,ESVUFR,上市,觀光餐旅,2013/12/03
2722,夏都,TWSE,2722.TW,ESVUFR,上市,觀光餐旅,2012/03/14
2723,美食-KY,TWSE,2723.TW,ESVUFR,上市,觀光餐旅,2010/11/22
2727,王品,TWSE,2727.TW,ESVUFR,上市,觀光餐旅,2012/03/06
2731,雄獅,TWSE,2731.TW,ESVUFR,上市,觀光餐旅,2013/09/24
2739,寒舍,TWSE,2739.TW,ESVUFR,上市,觀光餐旅,2016/05/19
2748,雲品,TWSE,2748.TW,ESVUFR,上市,觀光餐旅,2016/11/23
2753,八方雲集,TWSE,2753.TW,ESVUFR,上市,觀光餐旅,2021/09/09
2762,世界健身-KY,TWSE,2762.TW,ESVUFR,上市,運動休閒,2024/01/24
2801,彰銀,TWSE,2801.TW,ESVUFR,上市,金融保險業,1962/02/15
2812,台中銀,TWSE,2812.TW,ESVUFR,上市,金融保險業,1984/05/15
2816,旺旺保,TWSE,2816.TW,ESVUFR,上市,金融保險業,1992/05/05
2820,華票,TWSE,2820.TW,ESVUFR,上市,金融保險業,1994/10/26
2832,台產,TWSE,2832.TW,ESVUFR,上市,金融保險業,1997/09/30
2834,臺企銀,TWSE,2834.TW,ESVUFR,上市,金融保險業,1998/01/03
2836,高雄銀,TWSE,2836.TW,ESVUFR,上市,金融保險業,1998/05/18
2838,聯邦銀,TWSE,2838.TW,ESVUFR,上市,金融保險業,1998/06/29
2845,遠東銀,TWSE,2845.TW,ESVUFR,上市,金融保險業,1998/11/27
2849,安泰銀,TWSE,2849.TW,ESVUFR,上市,金融保險業,1999/09/27
2850,新產,TWSE,2850.TW,ESVUFR,上市,金融保險業,2000/05/22
2851,中再保,TWSE,2851.TW,ESVUFR,上市,金融保險業,2000/07/06
2852,第一保,TWSE,2852.TW,ESVUFR,上市,金融保險業,2000/11/28
2855,統一證,TWSE,2855.TW,ESVUFR,上市,金融保險業,2002/09/16
2880,華南金,TWSE,2880.TW,ESVUFR,上市,金融保險業,2001/12/19
2881,富邦金,TWSE,2881.TW,ESVUFR,上市,金融保險業,2001/12/19
2882,國泰金,TWSE,2882.TW,ESVUFR,上市,金融保險業,2001/12/31
2883,凱基金,TWSE,2883.TW,ESVUFR,上市,金融保險業,2001/12/28
2884,玉山金,TWSE,2884.TW,ESVUFR,上市,金融保險業,2002/01/28
2885,元大金,TWSE,2885.TW,ESVUFR,上市,金融保險業,2002/02/04
2886,兆豐金,TWSE,2886.TW,ESVUFR,上市,金融保險業,2002/02/04
2887,台新新光金,TWSE,2887.TW,ESVUFR,上市,金融保險業,2002/02/18
2889,國票金,TWSE,2889.TW,ESVUFR,上市,金融保險業,2002/03/26
2890,永豐金,TWSE,2890.TW,ESVUFR,上市,金融保險業,2002/05/09
2891,中信金,TWSE,2891.TW,ESVUFR,上市,金融保險業,2002/05/17
2892,第一金,TWSE,2892.TW,ESVUFR,上市,金融保險業,2003/01/02
2897,王道銀行,TWSE,2897.TW,ESVUFR,上市,金融保險業,2017/05/05
2901,欣欣,TWSE,2901.TW,ESVUFR,上市,貿易百貨業,1976/05/07
2903,遠百,TWSE,2903.TW,ESVUFR,上市,貿易百貨業,1978/10/11
2904,匯僑,TWSE,2904.TW,ESVUFR,上市,其他業,1983/01/05
2905,三商,TWSE,2905.TW,ESVUFR,上市,貿易百貨業,1988/09/19
2906,高林,TWSE,2906.TW,ESVUFR,上市,貿易百貨業,1989/12/26
2908,特力,TWSE,2908.TW,ESVUFR,上市,貿易百貨業,1993/02/18
2910,統領,TWSE,2910.TW,ESVUFR,上市,貿易百貨業,1996/12/30
2911,麗嬰房,TWSE,2911.TW,ESVUFR,上市,貿易百貨業,1997/01/18
2912,統一超,TWSE,2912.TW,ESVUFR,上市,貿易百貨業,1997/08/22
2913,農林,TWSE,2913.TW,ESVUFR,上市,貿易百貨業,1962/02/09
2915,潤泰全,TWSE,2915.TW,ESVUFR,上市,貿易百貨業,1977/07/20
2923,鼎固-KY,TWSE,2923.TW,ESVUFR,上市,建材營造業,2012/12/07
2929,淘帝-KY,TWSE,2929.TW,ESVUFR,上市,貿易百貨業,2013/12/30
2939,永邑-KY,TWSE,2939.TW,ESVUFR,上市,貿易百貨業,2018/01/11
2945,三商家購,TWSE,2945.TW,ESVUFR,上市,貿易百貨業,2021/11/30
3002,歐格,TWSE,3002.TW,ESVUFR,上市,電腦及週邊設備業,2002/01/23
3003,健和興,TWSE,3003.TW,ESVUFR,上市,電子零組件業,2002/02/19
3004,豐達科,TWSE,3004.TW,ESVUFR,上市,鋼鐵工業,2002/02/25
3005,神基,TWSE,3005.TW,ESVUFR,上市,電腦及週邊設備業,2002/02/25
3006,晶豪科,TWSE,3006.TW,ESVUFR,上市,半導體業,2002/03/04
3008,大立光,TWSE,3008.TW,ESVUFR,上市,光電業,2002/03/11
3010,華立,TWSE,3010.TW,ESVUFR,上市,電子通路業,2002/07/22
3011,今皓,TWSE,3011.TW,ESVUFR,上市,電子零組件業,2002/07/22
3013,晟銘電,TWSE,3013.TW,ESVUFR,上市,電腦及週邊設備業,2002/09/16
3014,聯陽,TWSE,3014.TW,ESVUFR,上市,半導體業,2002/10/29
3015,全漢,TWSE,3015.TW,ESVUFR,上市,電子零組件業,2002/10/16
3016,嘉晶,TWSE,3016.TW,ESVUFR,上市,半導體業,2002/12/24
3017,奇鋐,TWSE,3017.TW,ESVUFR,上市,電腦及週邊設備業,2002/09/27
3018,隆銘綠能,TWSE,3018.TW,ESVUFR,上市,其他電子業,2002/08/26
3019,亞光,TWSE,3019.TW,ESVUFR,上市,光電業,2002/08/26
3021,鴻名,TWSE,3021.TW,ESVUFR,上市,電子零組件業,2002/08/26
3022,威強電,TWSE,3022.TW,ESVUFR,上市,電腦及週邊設備業,2002/08/26
3023,信邦,TWSE,3023.TW,ESVUFR,上市,電子零組件業,2002/08/26
3024,憶聲,TWSE,3024.TW,ESVUFR,上市,光電業,2002/08/26
3025,星通,TWSE,3025.TW,ESVUFR,上市,通信網路業,2002/08/26
3026,禾伸堂,TWSE,3026.TW,ESVUFR,上市,電子零組件業,2002/08/26
3027,盛達,TWSE,3027.TW,ESVUFR,上市,通信網路業,2002/08/26
3028,增你強,TWSE,3028.TW,ESVUFR,上市,電子通路業,2002/08/26
3029,零壹,TWSE,3029.TW,ESVUFR,上市,資訊服務業,2002/08/26
3030,德律,TWSE,3030.TW,ESVUFR,上市,其他電子業,2002/10/29
3031,佰鴻,TWSE,3031.TW,ESVUFR,上市,光電業,2002/08/26
3032,偉訓,TWSE,3032.TW,ESVUFR,上市,電子零組件業,2002/08/26
3033,威健,TWSE,3033.TW,ESVUFR,上市,電子通路業,2002/08/26
3034,聯詠,TWSE,3034.TW,ESVUFR,上市,半導體業,2002/08/26
3035,智原,TWSE,3035.TW,ESVUFR,上市,半導體業,2002/08/26
3036,文曄,TWSE,3036.TW,ESVUFR,上市,電子通路業,2002/08/26
3037,欣興,TWSE,3037.TW,ESVUFR,上市,電子零組件業,2002/08/26
3038,全台,TWSE,3038.TW,ESVUFR,上市,光電業,2002/08/26
3040,遠見,TWSE,3040.TW,ESVUFR,上市,其他業,2002/08/26
3041,揚智,TWSE,3041.TW,ESVUFR,上市,半導體業,2002/08/26
3042,晶技,TWSE,3042.TW,ESVUFR,上市,電子零組件業,2002/08/26
3043,科風,TWSE,3043.TW,ESVUFR,上市,其他電子業,2002/08/26
3044,健鼎,TWSE,3044.TW,ESVUFR,上市,電子零組件業,2002/08/26
3045,台灣大,TWSE,3045.TW,ESVUFR,上市,通信網路業,2002/08/26
3046,建碁,TWSE,3046.TW,ESVUFR,上市,電腦及週邊設備業,2002/08/26
3047,訊舟,TWSE,3047.TW,ESVUFR,上市,通信網路業,2002/08/26
3048,益登,TWSE,3048.TW,ESVUFR,上市,電子通路業,2002/10/01
3049,精金,TWSE,3049.TW,ESVUFR,上市,光電業,2002/09/27
3050,鈺德,TWSE,3050.TW,ESVUFR,上市,光電業,2002/10/29
3051,力特,TWSE,3051.TW,ESVUFR,上市,光電業,2002/10/28
3052,夆典,TWSE,3052.TW,ESVUFR,上市,建材營造業,1995/11/25
3054,立萬利,TWSE,3054.TW,ESVUFR,上市,電子通路業,2026/09/01
3055,蔚華科,TWSE,3055.TW,ESVUFR,上市,電子通路業,2002/12/12
3056,富華新,TWSE,3056.TW,ESVUFR,上市,建材營造業,2003/03/03
3057,喬鼎,TWSE,3057.TW,ESVUFR,上市,電腦及週邊設備業,2002/12/18
3058,立德,TWSE,3058.TW,ESVUFR,上市,電子零組件業,2002/12/09
3059,華晶科,TWSE,3059.TW,ESVUFR,上市,光電業,2002/12/24
3060,銘異,TWSE,3060.TW,ESVUFR,上市,電腦及週邊設備業,2003/04/21
3062,建漢,TWSE,3062.TW,ESVUFR,上市,通信網路業,2003/07/28
3090,日電貿,TWSE,3090.TW,ESVUFR,上市,電子零組件業,2007/12/31
3092,鴻碩,TWSE,3092.TW,ESVUFR,上市,電子零組件業,2021/05/13
3094,聯傑,TWSE,3094.TW,ESVUFR,上市,半導體業,2007/08/06
3130,一零四,TWSE,3130.TW,ESVUFR,上市,數位雲端,2006/02/17
3135,凌航,TWSE,3135.TW,ESVUFR,上市,半導體業,2025/08/06
3138,耀登,TWSE,3138.TW,ESVUFR,上市,通信網路業,2020/12/11
3149,正達,TWSE,3149.TW,ESVUFR,上市,光電業,2011/11/23
3164,景岳,TWSE,3164.TW,ESVUFR,上市,生技醫療業,2010/03/22
3167,大量,TWSE,3167.TW,ESVUFR,上市,電機機械,2013/10/21
3168,眾福科,TWSE,3168.TW,ESVUFR,上市,光電業,2024/03/26
3189,景碩,TWSE,3189.TW,ESVUFR,上市,半導體業,2004/11/01
3209,全科,TWSE,3209.TW,ESVUFR,上市,電子通路業,2008/11/26
3229,晟鈦,TWSE,3229.TW,ESVUFR,上市,電子零組件業,2009/12/31
3231,緯創,TWSE,3231.TW,ESVUFR,上市,電腦及週邊設備業,2003/08/19
3257,虹冠電,TWSE,3257.TW,ESVUFR,上市,半導體業,2011/03/21
3266,昇陽,TWSE,3266.TW,ESVUFR,上市,建材營造業,2014/12/24
3296,勝德,TWSE,3296.TW,ESVUFR,上市,電子零組件業,2007/12/31
3305,昇貿,TWSE,3305.TW,ESVUFR,上市,其他電子業,2008/07/10
3308,聯德,TWSE,3308.TW,ESVUFR,上市,電子零組件業,2008/03/12
3311,閎暉,TWSE,3311.TW,ESVUFR,上市,通信網路業,2004/03/08
3312,弘憶股,TWSE,3312.TW,ESVUFR,上市,電子通路業,2010/12/29
3321,同泰,TWSE,3321.TW,ESVUFR,上市,電子零組件業,2015/12/15
3338,泰碩,TWSE,3338.TW,ESVUFR,上市,電子零組件業,2013/12/13
3346,麗清,TWSE,3346.TW,ESVUFR,上市,汽車工業,2016/12/19
3356,奇偶,TWSE,3356.TW,ESVUFR,上市,光電業,2005/03/28
3376,新日興,TWSE,3376.TW,ESVUFR,上市,電子零組件業,2007/12/31
3380,明泰,TWSE,3380.TW,ESVUFR,上市,通信網路業,2004/12/20
3406,玉晶光,TWSE,3406.TW,ESVUFR,上市,光電業,2005/12/20
3413,京鼎,TWSE,3413.TW,ESVUFR,上市,半導體業,2015/07/28
3416,融程電,TWSE,3416.TW,ESVUFR,上市,電腦及週邊設備業,2015/01/23
3419,譁裕,TWSE,3419.TW,ESVUFR,上市,通信網路業,2008/01/21
3432,台端,TWSE,3432.TW,ESVUFR,上市,電子零組件業,2010/12/30
3437,榮創,TWSE,3437.TW,ESVUFR,上市,光電業,2014/07/09
3443,創意,TWSE,3443.TW,ESVUFR,上市,半導體業,2006/11/03
3447,展達,TWSE,3447.TW,ESVUFR,上市,通信網路業,2022/12/15
3450,聯鈞,TWSE,3450.TW,ESVUFR,上市,半導體業,2006/04/12
3481,群創,TWSE,3481.TW,ESVUFR,上市,光電業,2006/10/24
3494,誠研,TWSE,3494.TW,ESVUFR,上市,電腦及週邊設備業,2007/12/13
3501,維熹,TWSE,3501.TW,ESVUFR,上市,電子零組件業,2007/09/20
3504,揚明光,TWSE,3504.TW,ESVUFR,上市,光電業,2007/01/26
3515,華擎,TWSE,3515.TW,ESVUFR,上市,電腦及週邊設備業,2007/11/08
3518,柏騰,TWSE,3518.TW,ESVUFR,上市,其他電子業,2007/11/28
3528,安馳,TWSE,3528.TW,ESVUFR,上市,電子通路業,2016/05/18
3530,晶相光,TWSE,3530.TW,ESVUFR,上市,半導體業,2018/07/16
3532,台勝科,TWSE,3532.TW,ESVUFR,上市,半導體業,2007/12/10
3533,嘉澤,TWSE,3533.TW,ESVUFR,上市,電子零組件業,2007/12/10
3535,晶彩科,TWSE,3535.TW,ESVUFR,上市,光電業,2008/01/31
3543,州巧,TWSE,3543.TW,ESVUFR,上市,光電業,2020/04/15
3545,敦泰,TWSE,3545.TW,ESVUFR,上市,半導體業,2007/07/03
3550,聯穎,TWSE,3550.TW,ESVUFR,上市,電子零組件業,2010/11/10
3557,嘉威,TWSE,3557.TW,ESVUFR,上市,居家生活,2008/02/27
3563,牧德,TWSE,3563.TW,ESVUFR,上市,光電業,2019/04/02
3576,聯合再生,TWSE,3576.TW,ESVUFR,上市,光電業,2009/01/12
3583,辛耘,TWSE,3583.TW,ESVUFR,上市,半導體業,2013/03/12
3588,通嘉,TWSE,3588.TW,ESVUFR,上市,半導體業,2009/08/14
3591,艾笛森,TWSE,3591.TW,ESVUFR,上市,光電業,2010/11/12
3592,瑞鼎,TWSE,3592.TW,ESVUFR,上市,半導體業,2022/01/07
3593,力銘,TWSE,3593.TW,ESVUFR,上市,電子零組件業,2009/03/16
3596,智易,TWSE,3596.TW,ESVUFR,上市,通信網路業,2009/03/11
3605,宏致,TWSE,3605.TW,ESVUFR,上市,電子零組件業,2009/03/26
3607,谷崧,TWSE,3607.TW,ESVUFR,上市,電子零組件業,2009/10/28
3617,碩天,TWSE,3617.TW,ESVUFR,上市,其他電子業,2009/12/23
3622,洋華,TWSE,3622.TW,ESVUFR,上市,光電業,2009/03/25
3645,達邁,TWSE,3645.TW,ESVUFR,上市,電子零組件業,2011/10/05
3652,精聯,TWSE,3652.TW,ESVUFR,上市,電腦及週邊設備業,2022/09/21
3653,健策,TWSE,3653.TW,ESVUFR,上市,電子零組件業,2009/11/18
3661,世芯-KY,TWSE,3661.TW,ESVUFR,上市,半導體業,2014/10/28
3665,貿聯-KY,TWSE,3665.TW,ESVUFR,上市,其他電子業,2011/04/21
3669,圓展,TWSE,3669.TW,ESVUFR,上市,通信網路業,2011/08/25
3673,TPK-KY,TWSE,3673.TW,ESVTFR,上市,光電業,2010/10/29
3679,新至陞,TWSE,3679.TW,ESVUFR,上市,電子零組件業,2011/10/05
3686,達能,TWSE,3686.TW,ESVUFR,上市,半導體業,2010/07/20
3694,海華,TWSE,3694.TW,ESVUFR,上市,通信網路業,2011/05/03
3701,大眾控,TWSE,3701.TW,ESVUFR,上市,電腦及週邊設備業,2004/08/30
3702,大聯大,TWSE,3702.TW,ESVUFR,上市,電子通路業,2005/11/09
3703,欣陸,TWSE,3703.TW,ESVUFR,上市,建材營造業,2010/04/08
3704,合勤控,TWSE,3704.TW,ESVUFR,上市,通信網路業,2010/08/16
3705,永信,TWSE,3705.TW,ESVUFR,上市,生技醫療業,2011/01/03
3706,神達,TWSE,3706.TW,ESVUFR,上市,電腦及週邊設備業,2013/09/12
3708,上緯投控,TWSE,3708.TW,ESVUFR,上市,綠能環保,2016/08/31
3711,日月光投控,TWSE,3711.TW,ESVUFR,上市,半導體業,2018/04/30
3712,永崴投控,TWSE,3712.TW,ESVUFR,上市,電腦及週邊設備業,2018/10/01
3714,富采,TWSE,3714.TW,ESVUFR,上市,光電業,2021/01/06
3715,定穎投控,TWSE,3715.TW,ESVUFR,上市,電子零組件業,2022/08/25
3716,中化控股,TWSE,3716.TW,ESVUFR,上市,生技醫療業,2024/09/02
3717,聯嘉投控,TWSE,3717.TW,ESVUFR,上市,汽車工業,2018/05/09
4104,佳醫,TWSE,4104.TW,ESVUFR,上市,生技醫療業,2007/12/31
4106,雃博,TWSE,4106.TW,ESVUFR,上市,生技醫療業,2004/11/08
4108,懷特,TWSE,4108.TW,ESVUFR,上市,生技醫療業,2008/07/16
4119,旭富,TWSE,4119.TW,ESVUFR,上市,生技醫療業,2004/01/07
4133,亞諾法,TWSE,4133.TW,ESVUFR,上市,生技醫療業,2009/12/28
4137,麗豐-KY,TWSE,4137.TW,ESVUFR,上市,生技醫療業,2013/11/27
4142,國光生,TWSE,4142.TW,ESVUFR,上市,生技醫療業,2012/05/03
4148,全宇生技-KY,TWSE,4148.TW,ESVUFR,上市,生技醫療業,2017/06/08
4155,訊映,TWSE,4155.TW,ESVUFR,上市,生技醫療業,2017/12/05
4164,承業醫,TWSE,4164.TW,ESVUFR,上市,生技醫療業,2012/10/24
4169,泰宗,TWSE,4169.TW,ESVUFR,上市,生技醫療業,2026/04/08
4178,永笙-KY,TWSE,4178.TW,ESVUFR,上市,生技醫療業,2026/04/30
4190,佐登-KY,TWSE,4190.TW,ESVUFR,上市,生技醫療業,2015/10/21
4306,炎洲,TWSE,4306.TW,ESVUFR,上市,塑膠工業,2008/01/21
4414,如興,TWSE,4414.TW,ESVUFR,上市,紡織纖維,2004/09/06
4426,利勤,TWSE,4426.TW,ESVUFR,上市,紡織纖維,2011/12/16
4438,廣越,TWSE,4438.TW,ESVUFR,上市,紡織纖維,2016/10/18
4439,冠星-KY,TWSE,4439.TW,ESVUFR,上市,紡織纖維,2019/12/05
4440,宜新實業,TWSE,4440.TW,ESVUFR,上市,紡織纖維,2021/10/25
4441,振大環球,TWSE,4441.TW,ESVUFR,上市,紡織纖維,2025/09/09
4526,東台,TWSE,4526.TW,ESVUFR,上市,電機機械,2003/09/15
4532,瑞智,TWSE,4532.TW,ESVUFR,上市,電機機械,2003/08/04
4536,拓凱,TWSE,4536.TW,ESVUFR,上市,運動休閒,2013/10/09
4540,全球傳動,TWSE,4540.TW,ESVUFR,上市,電機機械,2018/08/15
4545,銘鈺,TWSE,4545.TW,ESVUFR,上市,電子零組件業,2016/01/06
4551,智伸科,TWSE,4551.TW,ESVUFR,上市,汽車工業,2015/08/10
4552,力達-KY,TWSE,4552.TW,ESVUFR,上市,電機機械,2016/07/20
4555,氣立,TWSE,4555.TW,ESVUFR,上市,電機機械,2015/10/27
4557,永新-KY,TWSE,4557.TW,ESVUFR,上市,汽車工業,2015/10/12
4560,強信-KY,TWSE,4560.TW,ESVUFR,上市,電機機械,2017/05/26
4562,穎漢,TWSE,4562.TW,ESVUFR,上市,電機機械,2017/08/21
4564,元翎,TWSE,4564.TW,ESVUFR,上市,電機機械,2019/03/07
4566,時碩工業,TWSE,4566.TW,ESVUFR,上市,電機機械,2018/02/05
4569,六方科-KY,TWSE,4569.TW,ESVUFR,上市,汽車工業,2023/07/31
4571,鈞興-KY,TWSE,4571.TW,ESVUFR,上市,電機機械,2019/09/17
4572,駐龍,TWSE,4572.TW,ESVUFR,上市,電機機械,2019/09/10
4576,大銀微系統,TWSE,4576.TW,ESVUFR,上市,電機機械,2019/09/04
4581,光隆精密-KY,TWSE,4581.TW,ESVUFR,上市,汽車工業,2020/03/09
4583,台灣精銳,TWSE,4583.TW,ESVUFR,上市,電機機械,2022/05/09
4585,達明,TWSE,4585.TW,ESVUFR,上市,其他電子業,2025/09/26
4588,玖鼎電力,TWSE,4588.TW,ESVUFR,上市,其他電子業,2024/01/29
4720,德淵,TWSE,4720.TW,ESVUFR,上市,化學工業,2015/06/24
4722,國精化,TWSE,4722.TW,ESVUFR,上市,化學工業,2012/08/15
4736,泰博,TWSE,4736.TW,ESVUFR,上市,生技醫療業,2023/12/22
4737,華廣,TWSE,4737.TW,ESVUFR,上市,生技醫療業,2010/12/23
4739,康普,TWSE,4739.TW,ESVUFR,上市,化學工業,2017/09/08
4746,台耀,TWSE,4746.TW,ESVUFR,上市,生技醫療業,2011/03/01
4755,三福化,TWSE,4755.TW,ESVUFR,上市,化學工業,2013/11/27
4763,材料*-KY,TWSE,4763.TW,ESVUFR,上市,化學工業,2015/11/09
4764,雙鍵,TWSE,4764.TW,ESVUFR,上市,化學工業,2018/01/04
4766,南寶,TWSE,4766.TW,ESVUFR,上市,化學工業,2018/11/28
4770,上品,TWSE,4770.TW,ESVUFR,上市,化學工業,2021/12/22
4771,望隼,TWSE,4771.TW,ESVUFR,上市,生技醫療業,2024/03/18
4807,日成-KY,TWSE,4807.TW,ESVUFR,上市,貿易百貨業,2017/06/26
4904,遠傳,TWSE,4904.TW,ESVUFR,上市,通信網路業,2005/08/24
4906,正文,TWSE,4906.TW,ESVUFR,上市,通信網路業,2003/06/30
4912,聯德控股-KY,TWSE,4912.TW,ESVUFR,上市,電子零組件業,2015/05/21
4915,致伸,TWSE,4915.TW,ESVUFR,上市,電子零組件業,2012/10/05
4916,事欣科,TWSE,4916.TW,ESVUFR,上市,電腦及週邊設備業,2013/11/21
4919,新唐,TWSE,4919.TW,ESVUFR,上市,半導體業,2010/09/27
4927,泰鼎-KY,TWSE,4927.TW,ESVUFR,上市,電子零組件業,2015/09/08
4930,燦星網,TWSE,4930.TW,ESVUFR,上市,電器電纜,2010/06/21
4934,太極,TWSE,4934.TW,ESVUFR,上市,光電業,2010/03/10
4935,茂林-KY,TWSE,4935.TW,ESVUFR,上市,光電業,2011/07/28
4938,和碩,TWSE,4938.TW,ESVUFR,上市,電腦及週邊設備業,2010/06/24
4942,嘉彰,TWSE,4942.TW,ESVUFR,上市,光電業,2011/06/27
4943,康控-KY,TWSE,4943.TW,ESVUFR,上市,電子零組件業,2016/11/11
4949,有成精密,TWSE,4949.TW,ESVUFR,上市,光電業,2024/05/09
4952,凌通,TWSE,4952.TW,ESVUFR,上市,半導體業,2011/11/01
4956,光鋐,TWSE,4956.TW,ESVUFR,上市,光電業,2011/10/24
4958,臻鼎-KY,TWSE,4958.TW,ESVUFR,上市,電子零組件業,2011/12/26
4960,誠美材,TWSE,4960.TW,ESVUFR,上市,光電業,2011/10/24
4961,天鈺,TWSE,4961.TW,ESVUFR,上市,半導體業,2018/10/17
4967,十銓,TWSE,4967.TW,ESVUFR,上市,半導體業,2019/01/14
4968,立積,TWSE,4968.TW,ESVUFR,上市,半導體業,2015/11/13
4976,佳凌,TWSE,4976.TW,ESVUFR,上市,光電業,2012/11/20
4977,眾達-KY,TWSE,4977.TW,ESVUFR,上市,通信網路業,2013/11/20
4989,榮科,TWSE,4989.TW,ESVUFR,上市,電子零組件業,2018/06/28
4994,傳奇,TWSE,4994.TW,ESVUFR,上市,資訊服務業,2013/12/25
4999,鑫禾,TWSE,4999.TW,ESVUFR,上市,電子零組件業,2013/06/03
5007,三星,TWSE,5007.TW,ESVUFR,上市,鋼鐵工業,2011/09/16
5203,訊連,TWSE,5203.TW,ESVUFR,上市,資訊服務業,2004/09/27
5215,科嘉-KY,TWSE,5215.TW,ESVUFR,上市,電腦及週邊設備業,2011/12/26
5222,全訊,TWSE,5222.TW,ESVUFR,上市,半導體業,2021/10/25
5225,東科-KY,TWSE,5225.TW,ESVUFR,上市,其他電子業,2012/11/05
5234,達興材料,TWSE,5234.TW,ESVUFR,上市,光電業,2012/07/16
5236,凌陽創新,TWSE,5236.TW,ESVUFR,上市,半導體業,2026/07/16
5243,乙盛-KY,TWSE,5243.TW,ESVUFR,上市,光電業,2013/11/25
5244,弘凱,TWSE,5244.TW,ESVUFR,上市,光電業,2022/01/19
5258,虹堡,TWSE,5258.TW,ESVUFR,上市,電腦及週邊設備業,2016/12/30
5269,祥碩,TWSE,5269.TW,ESVUFR,上市,半導體業,2012/12/12
5283,禾聯碩,TWSE,5283.TW,ESVUFR,上市,電器電纜,2019/05/24
5284,jpp-KY,TWSE,5284.TW,ESVUFR,上市,其他業,2017/03/09
5285,界霖,TWSE,5285.TW,ESVUFR,上市,半導體業,2014/02/25
5288,豐祥-KY,TWSE,5288.TW,ESVUFR,上市,電機機械,2014/09/25
5292,華懋,TWSE,5292.TW,ESVUFR,上市,綠能環保,2020/01/07
5306,桂盟,TWSE,5306.TW,ESVUFR,上市,運動休閒,2022/03/08
5388,中磊,TWSE,5388.TW,ESVUFR,上市,通信網路業,2007/12/03
5434,崇越,TWSE,5434.TW,ESVUFR,上市,電子通路業,2003/08/25
5469,瀚宇博,TWSE,5469.TW,ESVUFR,上市,電子零組件業,2003/08/25
5471,松翰,TWSE,5471.TW,ESVUFR,上市,半導體業,2003/08/25
5484,慧友,TWSE,5484.TW,ESVUFR,上市,光電業,2003/08/25
5515,建國,TWSE,5515.TW,ESVUFR,上市,建材營造業,2003/10/06
5519,隆大,TWSE,5519.TW,ESVUFR,上市,建材營造業,2014/02/10
5521,工信,TWSE,5521.TW,ESVUFR,上市,建材營造業,2012/12/18
5522,遠雄,TWSE,5522.TW,ESVUFR,上市,建材營造業,2007/08/06
5525,順天,TWSE,5525.TW,ESVUFR,上市,建材營造業,2004/11/26
5531,鄉林,TWSE,5531.TW,ESVUFR,上市,建材營造業,2005/01/31
5533,皇鼎,TWSE,5533.TW,ESVUFR,上市,建材營造業,2008/04/30
5534,長虹,TWSE,5534.TW,ESVUFR,上市,建材營造業,2004/05/24
5538,東明-KY,TWSE,5538.TW,ESVUFR,上市,鋼鐵工業,2013/12/16
5546,永固-KY,TWSE,5546.TW,ESVUFR,上市,建材營造業,2020/05/20
5607,遠雄港,TWSE,5607.TW,ESVUFR,上市,航運業,2004/12/02
5608,四維航,TWSE,5608.TW,ESVUFR,上市,航運業,2003/08/25
5706,鳳凰,TWSE,5706.TW,ESVUFR,上市,觀光餐旅,2011/10/21
5871,中租-KY,TWSE,5871.TW,ESVUFR,上市,其他業,2011/12/13
5876,上海商銀,TWSE,5876.TW,ESVUFR,上市,金融保險業,2018/10/19
5880,合庫金,TWSE,5880.TW,ESVUFR,上市,金融保險業,2011/12/01
5906,台南-KY,TWSE,5906.TW,ESVUFR,上市,貿易百貨業,2011/10/24
5907,大洋-KY,TWSE,5907.TW,ESVUFR,上市,貿易百貨業,2012/06/06
6005,群益證,TWSE,6005.TW,ESVUFR,上市,金融保險業,2005/11/21
6024,群益期,TWSE,6024.TW,ESVUFR,上市,金融保險業,2017/10/16
6108,競國,TWSE,6108.TW,ESVUFR,上市,電子零組件業,2008/12/30
6112,邁達特,TWSE,6112.TW,ESVUFR,上市,資訊服務業,2003/08/04
6115,鎰勝,TWSE,6115.TW,ESVUFR,上市,電子零組件業,2004/07/19
6116,彩晶,TWSE,6116.TW,ESVUFR,上市,光電業,2004/09/06
6117,迎廣,TWSE,6117.TW,ESVUFR,上市,電腦及週邊設備業,2003/08/25
6120,達運,TWSE,6120.TW,ESVUFR,上市,光電業,2006/09/13
6128,上福,TWSE,6128.TW,ESVUFR,上市,電腦及週邊設備業,2003/06/16
6133,金橋,TWSE,6133.TW,ESVUFR,上市,電子零組件業,2003/08/15
6136,富爾特,TWSE,6136.TW,ESVUFR,上市,通信網路業,2003/08/25
6139,亞翔,TWSE,6139.TW,ESVUFR,上市,其他電子業,2003/08/25
6141,柏承,TWSE,6141.TW,ESVUFR,上市,電子零組件業,2003/10/22
6142,友勁,TWSE,6142.TW,ESVUFR,上市,通信網路業,2003/08/04
6152,百一,TWSE,6152.TW,ESVUFR,上市,通信網路業,2009/12/08
6153,嘉聯益,TWSE,6153.TW,ESVUFR,上市,電子零組件業,2008/01/21
6155,鈞寶,TWSE,6155.TW,ESVUFR,上市,電子零組件業,2006/08/18
6164,華興,TWSE,6164.TW,ESVUFR,上市,光電業,2008/10/21
6165,浪凡,TWSE,6165.TW,ESVUFR,上市,數位雲端,2003/08/04
6166,凌華,TWSE,6166.TW,ESVUFR,上市,電腦及週邊設備業,2004/11/08
6168,宏齊,TWSE,6168.TW,ESVUFR,上市,光電業,2003/08/25
6176,瑞儀,TWSE,6176.TW,ESVUFR,上市,光電業,2007/05/15
6177,達麗,TWSE,6177.TW,ESVUFR,上市,建材營造業,2013/08/01
6183,關貿,TWSE,6183.TW,ESVUFR,上市,資訊服務業,2011/12/01
6184,大豐電,TWSE,6184.TW,ESVUFR,上市,其他業,2005/02/15
6189,豐藝,TWSE,6189.TW,ESVUFR,上市,電子通路業,2004/05/24
6191,精成科,TWSE,6191.TW,ESVUFR,上市,電子零組件業,2007/10/19
6192,巨路,TWSE,6192.TW,ESVUFR,上市,其他電子業,2004/09/27
6196,帆宣,TWSE,6196.TW,ESVUFR,上市,其他電子業,2004/05/24
6197,佳必琪,TWSE,6197.TW,ESVUFR,上市,電子零組件業,2004/11/08
6201,亞弘電,TWSE,6201.TW,ESVUFR,上市,其他電子業,2004/09/27
6202,盛群,TWSE,6202.TW,ESVUFR,上市,半導體業,2004/09/27
6205,詮欣,TWSE,6205.TW,ESVUFR,上市,電子零組件業,2008/01/21
6206,飛捷,TWSE,6206.TW,ESVUFR,上市,電腦及週邊設備業,2004/08/03
6209,今國光,TWSE,6209.TW,ESVUFR,上市,光電業,2004/11/08
6213,聯茂,TWSE,6213.TW,ESVUFR,上市,電子零組件業,2008/01/21
6214,精誠,TWSE,6214.TW,ESVUFR,上市,資訊服務業,2010/12/30
6215,和椿,TWSE,6215.TW,ESVUFR,上市,其他電子業,2007/12/31
6216,居易,TWSE,6216.TW,ESVUFR,上市,通信網路業,2004/09/27
6224,聚鼎,TWSE,6224.TW,ESVUFR,上市,電子零組件業,2009/09/17
6225,天瀚,TWSE,6225.TW,ESVUFR,上市,光電業,2004/09/27
6226,光鼎,TWSE,6226.TW,ESVUFR,上市,光電業,2008/11/10
6230,尼得科超眾,TWSE,6230.TW,ESVUFR,上市,電腦及週邊設備業,2010/09/16
6235,華孚,TWSE,6235.TW,ESVUFR,上市,電腦及週邊設備業,2004/08/23
6239,力成,TWSE,6239.TW,ESVUFR,上市,半導體業,2004/11/08
6243,迅杰,TWSE,6243.TW,ESVUFR,上市,半導體業,2009/12/17
6257,矽格,TWSE,6257.TW,ESVUFR,上市,半導體業,2003/08/25
6269,台郡,TWSE,6269.TW,ESVUFR,上市,電子零組件業,2003/09/23
6271,同欣電,TWSE,6271.TW,ESVUFR,上市,半導體業,2007/11/16
6272,驊陞,TWSE,6272.TW,ESVUFR,上市,電子零組件業,2025/12/22
6277,宏正,TWSE,6277.TW,ESVUFR,上市,電腦及週邊設備業,2003/10/30
6278,台表科,TWSE,6278.TW,ESVUFR,上市,光電業,2010/08/24
6281,全國電,TWSE,6281.TW,ESVUFR,上市,電子通路業,2005/12/08
6282,康舒,TWSE,6282.TW,ESVUFR,上市,電子零組件業,2003/09/08
6283,淳安,TWSE,6283.TW,ESVUFR,上市,其他電子業,2008/01/21
6285,啟碁,TWSE,6285.TW,ESVUFR,上市,通信網路業,2003/09/22
6405,悅城,TWSE,6405.TW,ESVUFR,上市,光電業,2013/11/28
6409,旭隼,TWSE,6409.TW,ESVUFR,上市,其他電子業,2014/03/31
6412,群電,TWSE,6412.TW,ESVUFR,上市,電子零組件業,2013/11/08
6414,樺漢,TWSE,6414.TW,ESVUFR,上市,電腦及週邊設備業,2014/03/28
6415,矽力*-KY,TWSE,6415.TW,ESVUFR,上市,半導體業,2013/12/12
6416,瑞祺電通,TWSE,6416.TW,ESVUFR,上市,通信網路業,2018/04/16
6426,統新,TWSE,6426.TW,ESVUFR,上市,通信網路業,2021/03/24
6431,光麗-KY,TWSE,6431.TW,ESVUFR,上市,生技醫療業,2014/12/04
6438,迅得,TWSE,6438.TW,ESVUFR,上市,其他電子業,2021/01/19
6442,光聖,TWSE,6442.TW,ESVUFR,上市,通信網路業,2015/07/14
6443,元晶,TWSE,6443.TW,ESVUFR,上市,光電業,2015/10/01
6446,藥華藥,TWSE,6446.TW,ESVUFR,上市,生技醫療業,2024/01/25
6449,鈺邦,TWSE,6449.TW,ESVUFR,上市,電子零組件業,2014/12/09
6451,訊芯-KY,TWSE,6451.TW,ESVUFR,上市,半導體業,2015/01/26
6456,GIS-KY,TWSE,6456.TW,ESVUFR,上市,光電業,2015/06/12
6464,台數科,TWSE,6464.TW,ESVUFR,上市,其他業,2015/12/16
6472,保瑞,TWSE,6472.TW,ESVUFR,上市,生技醫療業,2023/12/19
6477,安集,TWSE,6477.TW,ESVUFR,上市,光電業,2016/06/21
6491,晶碩,TWSE,6491.TW,ESVUFR,上市,生技醫療業,2019/10/07
6504,南六,TWSE,6504.TW,ESVUFR,上市,其他業,2013/05/07
6505,台塑化,TWSE,6505.TW,ESVUFR,上市,油電燃氣業,2003/12/26
6515,穎崴,TWSE,6515.TW,ESVUFR,上市,半導體業,2021/01/20
6525,捷敏-KY,TWSE,6525.TW,ESVUFR,上市,半導體業,2016/04/12
6526,達發,TWSE,6526.TW,ESVUFR,上市,半導體業,2023/10/19
6531,愛普*,TWSE,6531.TW,ESVUFR,上市,半導體業,2016/05/31
6533,晶心科,TWSE,6533.TW,ESVUFR,上市,半導體業,2017/03/14
6541,泰福-KY,TWSE,6541.TW,ESVUFR,上市,生技醫療業,2017/10/26
6550,北極星藥業-KY,TWSE,6550.TW,ESVUFR,上市,生技醫療業,2022/06/06
6552,易華電,TWSE,6552.TW,ESVUFR,上市,半導體業,2017/01/10
6558,興能高,TWSE,6558.TW,ESVUFR,上市,其他電子業,2018/12/05
6573,虹揚-KY,TWSE,6573.TW,ESVUFR,上市,半導體業,2017/09/26
6579,研揚,TWSE,6579.TW,ESVUFR,上市,電腦及週邊設備業,2017/08/21
6581,鋼聯,TWSE,6581.TW,ESVUFR,上市,綠能環保,2018/01/30
6582,申豐,TWSE,6582.TW,ESVUFR,上市,橡膠工業,2017/06/14
6585,鼎基,TWSE,6585.TW,ESVUFR,上市,其他業,2022/05/20
6589,台康生技,TWSE,6589.TW,ESVUFR,上市,生技醫療業,2025/07/21
6591,動力-KY,TWSE,6591.TW,ESVUFR,上市,電腦及週邊設備業,2017/12/28
6592,和潤企業,TWSE,6592.TW,ESVUFR,上市,其他業,2019/12/09
6598,ABC-KY,TWSE,6598.TW,ESVUFR,上市,生技醫療業,2020/06/09
6605,帝寶,TWSE,6605.TW,ESVUFR,上市,汽車工業,2004/03/17
6606,建德工業,TWSE,6606.TW,ESVUFR,上市,電機機械,2023/03/24
6614,資拓宏宇,TWSE,6614.TW,ESVUFR,上市,數位雲端,2025/11/25
6625,必應,TWSE,6625.TW,ESVUFR,上市,其他業,2018/02/07
6641,基士德-KY,TWSE,6641.TW,ESVUFR,上市,綠能環保,2018/09/21
6655,科定,TWSE,6655.TW,ESVUFR,上市,其他業,2018/11/28
6657,華安,TWSE,6657.TW,ESVUFR,上市,生技醫療業,2023/06/12
6658,聯策,TWSE,6658.TW,ESVUFR,上市,其他電子業,2023/11/02
6666,羅麗芬-KY,TWSE,6666.TW,ESVUFR,上市,生技醫療業,2018/11/19
6668,中揚光,TWSE,6668.TW,ESVUFR,上市,光電業,2018/12/12
6669,緯穎,TWSE,6669.TW,ESVUFR,上市,電腦及週邊設備業,2019/03/27
6670,復盛應用,TWSE,6670.TW,ESVUFR,上市,運動休閒,2018/12/18
6671,三能-KY,TWSE,6671.TW,ESVUFR,上市,居家生活,2018/12/11
6672,騰輝電子-KY,TWSE,6672.TW,ESVUFR,上市,電子零組件業,2019/04/17
6674,鋐寶科技,TWSE,6674.TW,ESVUFR,上市,通信網路業,2018/11/28
6689,伊雲谷,TWSE,6689.TW,ESVUFR,上市,數位雲端,2022/09/13
6691,洋基工程,TWSE,6691.TW,ESVUFR,上市,其他電子業,2022/01/03
6695,芯鼎,TWSE,6695.TW,ESVUFR,上市,半導體業,2022/11/04
6698,旭暉應材,TWSE,6698.TW,ESVUFR,上市,其他電子業,2019/11/25
6706,惠特,TWSE,6706.TW,ESVUFR,上市,光電業,2019/12/19
6715,嘉基,TWSE,6715.TW,ESVUFR,上市,電子零組件業,2019/12/12
6719,力智,TWSE,6719.TW,ESVUFR,上市,半導體業,2022/01/13
6722,輝創,TWSE,6722.TW,ESVUFR,上市,其他電子業,2026/01/16
6742,澤米,TWSE,6742.TW,ESVUFR,上市,光電業,2023/12/05
6743,安普新,TWSE,6743.TW,ESVUFR,上市,其他電子業,2020/12/14
6753,龍德造船,TWSE,6753.TW,ESVUFR,上市,航運業,2023/03/10
6754,匯僑設計,TWSE,6754.TW,ESVUFR,上市,居家生活,2020/08/25
6756,威鋒電子,TWSE,6756.TW,ESVUFR,上市,半導體業,2020/12/24
6757,台灣虎航,TWSE,6757.TW,ESVUFR,上市,航運業,2024/11/29
6768,志強-KY,TWSE,6768.TW,ESVUFR,上市,運動休閒,2021/04/22
6770,力積電,TWSE,6770.TW,ESVUFR,上市,半導體業,2021/12/06
6776,展碁國際,TWSE,6776.TW,ESVUFR,上市,電子通路業,2021/03/31
6781,AES-KY,TWSE,6781.TW,ESVUFR,上市,電子零組件業,2021/03/22
6782,視陽,TWSE,6782.TW,ESVUFR,上市,生技醫療業,2022/11/28
6789,采鈺,TWSE,6789.TW,ESVUFR,上市,半導體業,2022/06/30
6790,永豐實,TWSE,6790.TW,ESVUFR,上市,造紙工業,2021/09/29
6792,詠業,TWSE,6792.TW,ESVUFR,上市,通信網路業,2021/12/08
6794,向榮生技,TWSE,6794.TW,ESVUFR,上市,生技醫療業,2025/10/16
6796,晉弘,TWSE,6796.TW,ESVUFR,上市,生技醫療業,2022/06/01
6799,來頡,TWSE,6799.TW,ESVUFR,上市,半導體業,2022/05/12
6805,富世達,TWSE,6805.TW,ESVUFR,上市,電子零組件業,2023/11/09
6807,峰源-KY,TWSE,6807.TW,ESVUFR,上市,居家生活,2022/04/25
6830,汎銓,TWSE,6830.TW,ESVUFR,上市,其他電子業,2022/08/31
6831,邁科,TWSE,6831.TW,ESVUFR,上市,電腦及週邊設備業,2025/11/25
6834,天二科技,TWSE,6834.TW,ESVUFR,上市,電子零組件業,2022/09/01
6835,圓裕,TWSE,6835.TW,ESVUFR,上市,電子零組件業,2022/11/10
6838,台新藥,TWSE,6838.TW,ESVUFR,上市,生技醫療業,2024/08/13
6861,睿生光電,TWSE,6861.TW,ESVUFR,上市,生技醫療業,2023/03/27
6862,三集瑞-KY,TWSE,6862.TW,ESVUFR,上市,電子零組件業,2024/10/23
6863,永道-KY,TWSE,6863.TW,ESVUFR,上市,通信網路業,2023/03/21
6869,雲豹能源,TWSE,6869.TW,ESVUFR,上市,綠能環保,2024/06/19
6873,泓德能源,TWSE,6873.TW,ESVUFR,上市,綠能環保,2024/09/26
6885,全福生技,TWSE,6885.TW,ESVUFR,上市,生技醫療業,2024/12/16
6887,寶綠特-KY,TWSE,6887.TW,ESVUFR,上市,綠能環保,2025/03/10
6890,來億-KY,TWSE,6890.TW,ESVUFR,上市,運動休閒,2024/06/12
6901,鑽石投資,TWSE,6901.TW,ESVUFR,上市,其他業,2023/09/19
6902,GOGOLOOK,TWSE,6902.TW,ESVUFR,上市,數位雲端,2025/05/16
6906,現觀科,TWSE,6906.TW,ESVUFR,上市,數位雲端,2024/01/15
6909,創控,TWSE,6909.TW,ESVUFR,上市,半導體業,2025/05/21
6914,阜爾運通,TWSE,6914.TW,ESVUFR,上市,其他業,2024/05/03
6916,華凌,TWSE,6916.TW,ESVUFR,上市,光電業,2023/12/05
6918,愛派司,TWSE,6918.TW,ESVUFR,上市,生技醫療業,2025/06/10
6919,康霈*,TWSE,6919.TW,ESVUFR,上市,生技醫療業,2024/10/02
6923,中台,TWSE,6923.TW,ESVUFR,上市,綠能環保,2024/09/25
6928,攸泰科技,TWSE,6928.TW,ESVUFR,上市,電腦及週邊設備業,2024/05/16
6931,青松健康,TWSE,6931.TW,ESVUFR,上市,生技醫療業,2025/01/15
6933,AMAX-KY,TWSE,6933.TW,ESVUFR,上市,電腦及週邊設備業,2023/11/08
6934,心誠鎂,TWSE,6934.TW,ESVUFR,上市,生技醫療業,2026/02/02
6936,永鴻生技,TWSE,6936.TW,ESVUFR,上市,生技醫療業,2025/04/28
6937,天虹,TWSE,6937.TW,ESVUFR,上市,半導體業,2023/12/12
6944,兆聯實業,TWSE,6944.TW,ESVUFR,上市,綠能環保,2025/05/28
6947,台鎔科技,TWSE,6947.TW,ESVUFR,上市,綠能環保,2026/07/23
6952,大武山,TWSE,6952.TW,ESVUFR,上市,其他業,2024/06/13
6957,裕慶-KY,TWSE,6957.TW,ESVUFR,上市,其他業,2024/06/25
6958,日盛台駿,TWSE,6958.TW,ESVUFR,上市,其他業,2024/08/20
6962,奕力-KY,TWSE,6962.TW,ESVUFR,上市,半導體業,2024/11/26
6965,中傑-KY,TWSE,6965.TW,ESVUFR,上市,運動休閒,2025/03/07
6994,富威電力,TWSE,6994.TW,ESVUFR,上市,綠能環保,2025/01/15
7689,大鵬科CLMX,TWSE,7689.TW,ESVUFR,上市,通信網路業,2026/07/28
7705,三商餐飲,TWSE,7705.TW,ESVUFR,上市,觀光餐旅,2024/11/26
7711,永擎,TWSE,7711.TW,ESVUFR,上市,電腦及週邊設備業,2025/11/19
7721,微程式,TWSE,7721.TW,ESVUFR,上市,數位雲端,2025/07/29
7722,LINEPAY,TWSE,7722.TW,ESVUFR,上市,數位雲端,2024/12/05
7732,金興精密,TWSE,7732.TW,ESVUFR,上市,汽車工業,2025/01/14
7736,虎山,TWSE,7736.TW,ESVUFR,上市,汽車工業,2025/03/18
7749,意騰-KY,TWSE,7749.TW,ESVUFR,上市,半導體業,2025/06/13
7750,新代,TWSE,7750.TW,ESVUFR,上市,電機機械,2025/09/17
7760,享溫馨,TWSE,7760.TW,ESVUFR,上市,觀光餐旅,2026/04/28
7765,中華資安,TWSE,7765.TW,ESVUFR,上市,數位雲端,2025/09/08
7768,頌勝科技,TWSE,7768.TW,ESVUFR,上市,半導體業,2026/05/07
7769,鴻勁,TWSE,7769.TW,ESVUFR,上市,半導體業,2025/11/27
7780,大研生醫*,TWSE,7780.TW,ESVUFR,上市,食品工業,2026/01/19
7786,東方風能,TWSE,7786.TW,ESVUFR,上市,綠能環保,2025/11/18
7788,松川精密,TWSE,7788.TW,ESVUFR,上市,電子零組件業,2025/10/16
7791,皇家可口,TWSE,7791.TW,ESVUFR,上市,食品工業,2025/10/28
7795,長廣,TWSE,7795.TW,ESVUFR,上市,電子零組件業,2026/01/16
7799,禾榮科,TWSE,7799.TW,ESVUFR,上市,生技醫療業,2025/09/15
7818,溢泰實業,TWSE,7818.TW,ESVUFR,上市,綠能環保,2026/05/18
7821,神數,TWSE,7821.TW,ESVUFR,上市,汽車工業,2026/04/20
7822,倍利科,TWSE,7822.TW,ESVUFR,上市,半導體業,2026/03/30
7855,和運租車,TWSE,7855.TW,ESVUFR,上市,其他業,2026/08/11
8011,台通,TWSE,8011.TW,ESVUFR,上市,通信網路業,2011/09/19
8016,矽創,TWSE,8016.TW,ESVUFR,上市,半導體業,2003/12/25
8021,尖點,TWSE,8021.TW,ESVUFR,上市,其他電子業,2008/01/21
8028,昇陽半導體,TWSE,8028.TW,ESVUFR,上市,半導體業,2018/07/10
8033,雷虎,TWSE,8033.TW,ESVUFR,上市,其他業,2007/06/21
8039,台虹,TWSE,8039.TW,ESVUFR,上市,電子零組件業,2009/12/17
8045,達運光電,TWSE,8045.TW,ESVUFR,上市,通信網路業,2024/12/11
8046,南電,TWSE,8046.TW,ESVUFR,上市,電子零組件業,2006/04/07
8070,長華*,TWSE,8070.TW,ESVUFR,上市,電子通路業,2007/12/31
8072,陞泰,TWSE,8072.TW,ESVUFR,上市,電子通路業,2005/08/19
8081,致新,TWSE,8081.TW,ESVUFR,上市,半導體業,2008/12/30
8101,華冠,TWSE,8101.TW,ESVUFR,上市,通信網路業,2004/07/01
8103,瀚荃,TWSE,8103.TW,ESVUFR,上市,電子零組件業,2009/09/29
8104,錸寶,TWSE,8104.TW,ESVUFR,上市,光電業,2019/01/17
8105,凌巨,TWSE,8105.TW,ESVUFR,上市,光電業,2006/12/27
8110,華東,TWSE,8110.TW,ESVUFR,上市,半導體業,2007/10/31
8112,至上,TWSE,8112.TW,ESVUFR,上市,電子通路業,2007/12/31
8114,振樺電,TWSE,8114.TW,ESVUFR,上市,電腦及週邊設備業,2012/11/26
8131,福懋科,TWSE,8131.TW,ESVUFR,上市,半導體業,2007/11/29
8150,南茂,TWSE,8150.TW,ESVUFR,上市,半導體業,2014/04/11
8163,達方,TWSE,8163.TW,ESVUFR,上市,電腦及週邊設備業,2007/11/28
8201,無敵,TWSE,8201.TW,ESVUFR,上市,其他電子業,2007/10/29
8210,勤誠,TWSE,8210.TW,ESVUFR,上市,電腦及週邊設備業,2011/12/01
8213,志超,TWSE,8213.TW,ESVUFR,上市,電子零組件業,2009/12/25
8215,明基材,TWSE,8215.TW,ESVUFR,上市,光電業,2010/11/12
8222,寶一,TWSE,8222.TW,ESVUFR,上市,電機機械,2015/01/27
8249,菱光,TWSE,8249.TW,ESVUFR,上市,電子零組件業,2005/05/17
8261,富鼎,TWSE,8261.TW,ESVUFR,上市,半導體業,2009/12/11
8271,宇瞻,TWSE,8271.TW,ESVUFR,上市,半導體業,2010/12/29
8341,日友,TWSE,8341.TW,ESVUFR,上市,綠能環保,2015/03/23
8367,建新國際,TWSE,8367.TW,ESVUFR,上市,航運業,2018/09/12
8374,羅昇,TWSE,8374.TW,ESVUFR,上市,電機機械,2008/12/25
8404,百和興業-KY,TWSE,8404.TW,ESVUFR,上市,其他業,2011/05/18
8411,福貞-KY,TWSE,8411.TW,ESVUFR,上市,其他業,2011/11/01
8422,可寧衛*,TWSE,8422.TW,ESVUFR,上市,綠能環保,2011/10/05
8429,金麗-KY,TWSE,8429.TW,ESVUFR,上市,貿易百貨業,2012/12/20
8438,昶昕,TWSE,8438.TW,ESVUFR,上市,綠能環保,2022/03/11
8442,威宏-KY,TWSE,8442.TW,ESVUFR,上市,其他業,2016/11/08
8443,阿瘦,TWSE,8443.TW,ESVUFR,上市,貿易百貨業,2014/09/15
8454,富邦媒,TWSE,8454.TW,ESVUFR,上市,數位雲端,2014/12/19
8462,柏文,TWSE,8462.TW,ESVUFR,上市,運動休閒,2019/03/15
8463,潤泰材,TWSE,8463.TW,ESVUFR,上市,其他業,2015/07/13
8464,億豐,TWSE,8464.TW,ESVUFR,上市,居家生活,2015/12/22
8466,美吉吉-KY,TWSE,8466.TW,ESVUFR,上市,其他業,2016/11/01
8467,波力-KY,TWSE,8467.TW,ESVUFR,上市,運動休閒,2015/12/15
8473,山林水,TWSE,8473.TW,ESVUFR,上市,綠能環保,2016/09/08
8476,台境*,TWSE,8476.TW,ESVUFR,上市,綠能環保,2023/10/31
8478,東哥遊艇,TWSE,8478.TW,ESVUFR,上市,運動休閒,2017/12/11
8481,政伸,TWSE,8481.TW,ESVUFR,上市,其他業,2017/02/24
8482,商億-KY,TWSE,8482.TW,ESVUFR,上市,居家生活,2018/08/15
8488,吉源-KY,TWSE,8488.TW,ESVUFR,上市,其他業,2016/12/13
8499,鼎炫-KY,TWSE,8499.TW,ESVUFR,上市,其他電子業,2017/11/24
8926,台汽電,TWSE,8926.TW,ESVUFR,上市,油電燃氣業,2003/08/25
8940,新天地,TWSE,8940.TW,ESVUFR,上市,觀光餐旅,2009/05/15
8996,高力,TWSE,8996.TW,ESVUFR,上市,電機機械,2014/02/14
9802,鈺齊-KY,TWSE,9802.TW,ESVUFR,上市,運動休閒,2012/10/18
9902,台火,TWSE,9902.TW,ESVUFR,上市,其他業,1964/07/14
9904,寶成,TWSE,9904.TW,ESVUFR,上市,運動休閒,1990/01/19
9905,大華,TWSE,9905.TW,ESVUFR,上市,其他業,1990/08/08
9906,欣巴巴,TWSE,9906.TW,ESVUFR,上市,建材營造業,1990/12/15
9907,統一實,TWSE,9907.TW,ESVUFR,上市,其他業,1991/01/29
9908,大台北,TWSE,9908.TW,ESVUFR,上市,油電燃氣業,1991/02/06
9910,豐泰,TWSE,9910.TW,ESVUFR,上市,運動休閒,1992/02/18
9911,櫻花,TWSE,9911.TW,ESVUFR,上市,居家生活,1992/07/16
9912,偉聯,TWSE,9912.TW,ESVUFR,上市,電腦及週邊設備業,1992/08/08
9914,美利達,TWSE,9914.TW,ESVUFR,上市,運動休閒,1992/09/30
9917,中保科,TWSE,9917.TW,ESVUFR,上市,其他業,1993/12/08
9918,欣天然,TWSE,9918.TW,ESVUFR,上市,油電燃氣業,1994/04/26
9919,康那香,TWSE,9919.TW,ESVUFR,上市,其他業,1994/11/04
9921,巨大,TWSE,9921.TW,ESVUFR,上市,運動休閒,1994/12/29
9924,福興,TWSE,9924.TW,ESVUFR,上市,居家生活,1995/03/15
9925,新保,TWSE,9925.TW,ESVUFR,上市,其他業,1995/12/09
9926,新海,TWSE,9926.TW,ESVUFR,上市,油電燃氣業,1998/04/08
9927,泰銘,TWSE,9927.TW,ESVUFR,上市,其他業,1999/03/12
9928,中視,TWSE,9928.TW,ESVUFR,上市,其他業,1999/08/09
9929,秋雨,TWSE,9929.TW,ESVUFR,上市,其他業,1999/06/28
9930,中聯資源,TWSE,9930.TW,ESVUFR,上市,綠能環保,1999/11/22
9931,欣高,TWSE,9931.TW,ESVUFR,上市,油電燃氣業,2000/03/21
9933,中鼎,TWSE,9933.TW,ESVUFR,上市,其他業,1993/05/28
9934,成霖,TWSE,9934.TW,ESVUFR,上市,居家生活,2000/09/11
9935,慶豐富,TWSE,9935.TW,ESVUFR,上市,居家生活,2000/09/11
9937,全國,TWSE,9937.TW,ESVUFR,上市,油電燃氣業,2000/09/11
9938,百和,TWSE,9938.TW,ESVUFR,上市,其他業,2001/01/12
9939,宏全,TWSE,9939.TW,ESVUFR,上市,其他業,2001/03/02
9940,信義,TWSE,9940.TW,ESVUFR,上市,其他業,2001/09/17
9941,裕融,TWSE,9941.TW,ESVUFR,上市,其他業,2001/09/17
9942,茂順,TWSE,9942.TW,ESVUFR,上市,其他業,2002/01/28
9943,好樂迪,TWSE,9943.TW,ESVUFR,上市,觀光餐旅,2002/08/26
9944,新麗,TWSE,9944.TW,ESVUFR,上市,其他業,2002/08/26
9945,潤泰新,TWSE,9945.TW,ESVUFR,上市,其他業,1992/04/30
9946,三發地產,TWSE,9946.TW,ESVUFR,上市,建材營造業,2013/09/17
9955,佳龍,TWSE,9955.TW,ESVUFR,上市,綠能環保,2008/01/21
9958,世紀鋼,TWSE,9958.TW,ESVUFR,上市,鋼鐵工業,2008/03/12
2237,華德動能-創,TWSE,2237.TW,ESVUFR,上市臺灣創新板,汽車工業,2026/08/10
2254,巨鎧精密-創,TWSE,2254.TW,ESVUFR,上市臺灣創新板,汽車工業,2023/10/20
2258,鴻華先進-創,TWSE,2258.TW,ESVUFR,上市臺灣創新板,汽車工業,2023/11/20
2432,倚天酷碁-創,TWSE,2432.TW,ESVUFR,上市臺灣創新板,電腦及週邊設備業,2023/05/31
3150,鈺寶-創,TWSE,3150.TW,ESVUFR,上市臺灣創新板,半導體業,2024/06/27
4195,基米-創,TWSE,4195.TW,ESVUFR,上市臺灣創新板,生技醫療業,2026/05/11
4582,聚恆-創,TWSE,4582.TW,ESVUFR,上市臺灣創新板,綠能環保,2026/05/22
4590,富田-創,TWSE,4590.TW,ESVUFR,上市臺灣創新板,電機機械,2026/01/29
6534,正瀚-創,TWSE,6534.TW,ESVUFR,上市臺灣創新板,生技醫療業,2023/12/21
6645,金萬林-創,TWSE,6645.TW,ESVUFR,上市臺灣創新板,生技醫療業,2023/12/21
6771,平和環保-創,TWSE,6771.TW,ESVUFR,上市臺灣創新板,綠能環保,2024/05/17
6854,錼創科技-KY創,TWSE,6854.TW,ESVUFR,上市臺灣創新板,半導體業,2022/08/18
6908,宏碁遊戲-創,TWSE,6908.TW,ESVUFR,上市臺灣創新板,電子通路業,2026/03/25
6921,嘉雨思-創,TWSE,6921.TW,ESVUFR,上市臺灣創新板,半導體業,2025/12/23
6924,榮惠-KY創,TWSE,6924.TW,ESVUFR,上市臺灣創新板,電子零組件業,2024/12/03
6949,沛爾生醫*-創,TWSE,6949.TW,ESVUFR,上市臺灣創新板,生技醫療業,2024/03/08
6951,青新-創,TWSE,6951.TW,ESVUFR,上市臺灣創新板,綠能環保,2024/06/18
6955,邦睿生技-創,TWSE,6955.TW,ESVUFR,上市臺灣創新板,生技醫療業,2024/12/06
6969,成信實業*-創,TWSE,6969.TW,ESVUFR,上市臺灣創新板,綠能環保,2024/09/09
6988,威力暘-創,TWSE,6988.TW,ESVUFR,上市臺灣創新板,汽車工業,2024/10/23
7610,聯友金屬-創,TWSE,7610.TW,ESVUFR,上市臺灣創新板,綠能環保,2025/09/09
7631,聚賢研發-創,TWSE,7631.TW,ESVUFR,上市臺灣創新板,其他電子業,2025/03/13
7730,暉盛-創,TWSE,7730.TW,ESVUFR,上市臺灣創新板,半導體業,2025/11/04
7740,熙特爾-創,TWSE,7740.TW,ESVUFR,上市臺灣創新板,綠能環保,2025/06/16
7803,雲象科技-創,TWSE,7803.TW,ESVUFR,上市臺灣創新板,生技醫療業,2026/05/20
7823,奧義賽博-KY創,TWSE,7823.TW,ESVUFR,上市臺灣創新板,數位雲端,2026/02/05
7827,漢康-KY創,TWSE,7827.TW,ESVUFR,上市臺灣創新板,生技醫療業,2026/05/29
7835,永悅健康-創,TWSE,7835.TW,ESVUFR,上市臺灣創新板,數位雲端,2026/07/24
8162,微矽電子-創,TWSE,8162.TW,ESVUFR,上市臺灣創新板,半導體業,2024/03/07
8487,愛爾達-創,TWSE,8487.TW,ESVUFR,上市臺灣創新板,數位雲端,2024/03/26
00400A,主動國泰動能高息,TWSE,00400A.TW,CEOJEU,上市,,2026/04/09
00401A,主動摩根台灣鑫收,TWSE,00401A.TW,CEOILU,上市,,2026/04/10
00402A,主動安聯美國科技,TWSE,00402A.TW,CEOIEU,上市,,2026/06/09
00403A,主動統一升級50,TWSE,00403A.TW,CEOIEU,上市,,2026/05/12
00404A,主動聯博動能50,TWSE,00404A.TW,CEOIEU,上市,,2026/06/09
00405A,主動富邦台灣龍耀,TWSE,00405A.TW,CEOIEU,上市,,2026/06/09
00406A,主動中信台灣收益,TWSE,00406A.TW,CEOIEU,上市,,2026/06/11
00407A,主動凱基台灣,TWSE,00407A.TW,CEOGEU,上市,,2026/06/24
00408A,主動第一金優股息,TWSE,00408A.TW,CEOIEU,上市,,2026/07/15
00409A,主動復華全球50,TWSE,00409A.TW,CEOIEU,上市,,2026/09/02
00410A,主動永豐科技趨勢,TWSE,00410A.TW,CEOIEU,上市,,2026/08/03
0050,元大台灣50,TWSE,0050.TW,CEOGEU,上市,,2003/06/30
0051,元大中型100,TWSE,0051.TW,CEOGEU,上市,,2006/08/31
0052,富邦科技,TWSE,0052.TW,CEOGEU,上市,,2006/09/12
0053,元大電子,TWSE,0053.TW,CEOGEU,上市,,2007/07/16
0055,元大MSCI金融,TWSE,0055.TW,CEOGEU,上市,,2007/07/16
0056,元大高股息,TWSE,0056.TW,CEOGEU,上市,,2007/12/26
0057,富邦摩台,TWSE,0057.TW,CEOGEU,上市,,2008/02/27
0061,元大寶滬深,TWSE,0061.TW,CEOGEU,上市,,2009/08/17
006203,元大MSCI台灣,TWSE,006203.TW,CEOGEU,上市,,2011/05/12
006204,永豐臺灣加權,TWSE,006204.TW,CEOGEU,上市,,2011/09/28
006205,富邦上証,TWSE,006205.TW,CEOGEU,上市,,2011/09/26
006206,元大上證50,TWSE,006206.TW,CEOGEU,上市,,2012/05/11
006207,復華滬深,TWSE,006207.TW,CEOGEU,上市,,2012/06/22
006208,富邦台50,TWSE,006208.TW,CEOGEU,上市,,2012/07/17
00625K,富邦上証+R,TWSE,00625K.TW,CEOGEU,上市,,2016/08/08
00631L,元大台灣50正2,TWSE,00631L.TW,CEOGDU,上市,,2014/10/31
00632R,元大台灣50反1,TWSE,00632R.TW,CEOGDU,上市,,2014/10/31
00633L,富邦上証正2,TWSE,00633L.TW,CEOGDU,上市,,2014/11/25
00634R,富邦上証反1,TWSE,00634R.TW,CEOGDU,上市,,2014/11/25
00635U,期元大S&P黃金,TWSE,00635U.TW,CEOGDU,上市,,2015/04/15
00636,國泰中國A50,TWSE,00636.TW,CEOGEU,上市,,2015/04/01
00636K,國泰中國A50+U,TWSE,00636K.TW,CEOGEU,上市,,2017/10/24
00637L,元大滬深300正2,TWSE,00637L.TW,CEOGDU,上市,,2015/05/18
00638R,元大滬深300反1,TWSE,00638R.TW,CEOGDU,上市,,2015/05/18
00639,富邦深100,TWSE,00639.TW,CEOGEU,上市,,2015/06/09
00640L,富邦日本正2,TWSE,00640L.TW,CEOGDU,上市,,2015/09/10
00641R,富邦日本反1,TWSE,00641R.TW,CEOGDU,上市,,2015/09/10
00642U,期元大S&P石油,TWSE,00642U.TW,CEOGDU,上市,,2015/09/07
00643,群益深証中小,TWSE,00643.TW,CEOGEU,上市,,2015/12/02
00643K,群益深証中小+R,TWSE,00643K.TW,CEOGEU,上市,,2016/08/26
00645,富邦日本,TWSE,00645.TW,CEOGEU,上市,,2015/11/06
00646,元大S&P500,TWSE,00646.TW,CEOGEU,上市,,2015/12/14
00647L,元大S&P500正2,TWSE,00647L.TW,CEOGDU,上市,,2015/12/14
00648R,元大S&P500反1,TWSE,00648R.TW,CEOGDU,上市,,2015/12/14
00650L,復華香港正2,TWSE,00650L.TW,CEOGDU,上市,,2016/01/27
00651R,復華香港反1,TWSE,00651R.TW,CEOGDU,上市,,2016/01/27
00652,富邦印度,TWSE,00652.TW,CEOGEU,上市,,2016/03/29
00653L,富邦印度正2,TWSE,00653L.TW,CEOGEU,上市,,2016/03/29
00654R,富邦印度反1,TWSE,00654R.TW,CEOGEU,上市,,2016/03/29
00655L,國泰中國A50正2,TWSE,00655L.TW,CEOGDU,上市,,2016/03/18
00656R,國泰中國A50反1,TWSE,00656R.TW,CEOGDU,上市,,2016/03/18
00657,國泰日經225,TWSE,00657.TW,CEOGEU,上市,,2016/05/09
00657K,國泰日經225+U,TWSE,00657K.TW,CEOGEU,上市,,2017/10/24
00660,元大歐洲50,TWSE,00660.TW,CEOGEU,上市,,2016/07/15
00661,元大日經225,TWSE,00661.TW,CEOGEU,上市,,2016/07/15
00662,富邦NASDAQ,TWSE,00662.TW,CEOGEU,上市,,2016/06/24
00663L,國泰臺灣加權正2,TWSE,00663L.TW,CEOGDU,上市,,2016/07/14
00664R,國泰臺灣加權反1,TWSE,00664R.TW,CEOGDU,上市,,2016/07/14
00665L,富邦恒生國企正2,TWSE,00665L.TW,CEOGDU,上市,,2016/08/05
00666R,富邦恒生國企反1,TWSE,00666R.TW,CEOGDU,上市,,2016/08/05
00668,國泰美國道瓊,TWSE,00668.TW,CEOGEU,上市,,2016/10/17
00668K,國泰美國道瓊+U,TWSE,00668K.TW,CEOGEU,上市,,2017/10/24
00669R,國泰美國道瓊反1,TWSE,00669R.TW,CEOGEU,上市,,2016/10/17
00670L,富邦NASDAQ正2,TWSE,00670L.TW,CEOGDU,上市,,2017/02/21
00671R,富邦NASDAQ反1,TWSE,00671R.TW,CEOGDU,上市,,2017/02/21
00673R,期元大S&P原油反1,TWSE,00673R.TW,CEOGDU,上市,,2016/10/07
00674R,期元大S&P黃金反1,TWSE,00674R.TW,CEOGDU,上市,,2016/10/07
00675L,富邦臺灣加權正2,TWSE,00675L.TW,CEOGDU,上市,,2016/10/05
00676R,富邦臺灣加權反1,TWSE,00676R.TW,CEOGDU,上市,,2016/10/05
00678,群益那斯達克生技,TWSE,00678.TW,CEOGEU,上市,,2017/01/09
00680L,元大美債20正2,TWSE,00680L.TW,CEOGDU,上市,,2017/01/17
00681R,元大美債20反1,TWSE,00681R.TW,CEOGDU,上市,,2017/01/17
00682U,期元大美元指數,TWSE,00682U.TW,CEOGMU,上市,,2017/03/14
00683L,期元大美元指正2,TWSE,00683L.TW,CEOGMU,上市,,2017/03/14
00684R,期元大美元指反1,TWSE,00684R.TW,CEOGMU,上市,,2017/03/14
00685L,群益臺灣加權正2,TWSE,00685L.TW,CEOGEU,上市,,2017/03/30
00686R,群益臺灣加權反1,TWSE,00686R.TW,CEOGEU,上市,,2017/03/30
00688L,國泰20年美債正2,TWSE,00688L.TW,CEOGBU,上市,,2017/04/13
00689R,國泰20年美債反1,TWSE,00689R.TW,CEOGBU,上市,,2017/04/13
00690,兆豐藍籌30,TWSE,00690.TW,CEOGEU,上市,,2017/03/31
00692,富邦公司治理,TWSE,00692.TW,CEOGEU,上市,,2017/05/17
00693U,期街口S&P黃豆,TWSE,00693U.TW,CEOGCU,上市,,2017/04/25
00700,富邦恒生國企,TWSE,00700.TW,CEOGEU,上市,,2017/07/21
00701,國泰股利精選30,TWSE,00701.TW,CEOJEU,上市,,2017/08/17
00702,國泰標普低波高息,TWSE,00702.TW,CEOJEU,上市,,2017/08/17
00703,台新MSCI中國,TWSE,00703.TW,CEOGEU,上市,,2017/08/10
00706L,期元大S&P日圓正2,TWSE,00706L.TW,CEOGDU,上市,,2017/09/01
00707R,期元大S&P日圓反1,TWSE,00707R.TW,CEOGDU,上市,,2017/09/01
00708L,期元大S&P黃金正2,TWSE,00708L.TW,CEOGDU,上市,,2017/09/01
00709,富邦歐洲,TWSE,00709.TW,CEOGEU,上市,,2017/08/15
00710B,復華彭博非投等債,TWSE,00710B.TW,CEOIBU,上市,,2017/08/21
00711B,復華彭博新興債,TWSE,00711B.TW,CEOIBU,上市,,2017/08/21
00712,復華富時不動產,TWSE,00712.TW,CEOIEU,上市,,2017/08/21
00713,元大台灣高息低波,TWSE,00713.TW,CEOJEU,上市,,2017/09/27
00714,群益道瓊美國地產,TWSE,00714.TW,CEOIRU,上市,,2017/10/27
00715L,期街口S&P布蘭特油正2,TWSE,00715L.TW,CEOGDU,上市,,2017/11/16
00717,富邦美國特別股,TWSE,00717.TW,CEOIEU,上市,,2017/11/29
00728,第一金工業30,TWSE,00728.TW,CEOGEU,上市,,2018/04/18
00730,富邦臺灣優質高息,TWSE,00730.TW,CEOIEU,上市,,2018/02/08
00731,復華富時高息低波,TWSE,00731.TW,CEOIEU,上市,,2018/04/20
00733,富邦臺灣中小,TWSE,00733.TW,CEOIEU,上市,,2018/05/17
00735,國泰臺韓科技,TWSE,00735.TW,CEOJEU,上市,,2018/06/11
00736,國泰新興市場,TWSE,00736.TW,CEOJEU,上市,,2018/06/11
00737,國泰AI機器人,TWSE,00737.TW,CEOGEU,上市,,2018/06/11
00738U,期元大道瓊白銀,TWSE,00738U.TW,CEOGCU,上市,,2018/06/01
00739,元大MSCI A股,TWSE,00739.TW,CEOJEU,上市,,2018/06/27
00752,中信中國50,TWSE,00752.TW,CEOGEU,上市,,2018/10/31
00753L,中信中國50正2,TWSE,00753L.TW,CEOGEU,上市,,2018/10/31
00757,統一FANG+,TWSE,00757.TW,CEOGEU,上市,,2018/12/06
00762,元大全球AI,TWSE,00762.TW,CEOJEU,上市,,2019/01/23
00763U,期街口道瓊銅,TWSE,00763U.TW,CEOGDU,上市,,2018/12/19
00770,國泰北美科技,TWSE,00770.TW,CEOJEU,上市,,2019/01/29
00771,元大US高息特別股,TWSE,00771.TW,CEOJEU,上市,,2019/05/16
00775B,台新投等債15+,TWSE,00775B.TW,CEOIBU,上市,,2019/02/15
00783,富邦中証500,TWSE,00783.TW,CEOGEU,上市,,2019/03/27
00830,國泰費城半導體,TWSE,00830.TW,CEOJEU,上市,,2019/05/03
00850,元大臺灣ESG永續,TWSE,00850.TW,CEOIEU,上市,,2019/08/23
00851,台新全球AI,TWSE,00851.TW,CEOIEU,上市,,2019/08/12
00852L,國泰美國道瓊正2,TWSE,00852L.TW,CEOJLU,上市,,2019/08/22
00861,元大全球未來通訊,TWSE,00861.TW,CEOJEU,上市,,2019/11/19
00865B,國泰US短期公債,TWSE,00865B.TW,CEOGBU,上市,,2019/11/25
00875,國泰網路資安,TWSE,00875.TW,CEOGEU,上市,,2020/03/30
00876,元大全球5G,TWSE,00876.TW,CEOJEU,上市,,2020/07/07
00878,國泰永續高股息,TWSE,00878.TW,CEOJEU,上市,,2020/07/20
00881,國泰台灣科技龍頭,TWSE,00881.TW,CEOJEU,上市,,2020/12/10
00882,中信中國高股息,TWSE,00882.TW,CEOIEU,上市,,2021/02/04
00885,富邦越南,TWSE,00885.TW,CEOGEU,上市,,2021/04/19
00891,中信關鍵半導體,TWSE,00891.TW,CEOIEU,上市,,2021/05/28
00892,富邦台灣半導體,TWSE,00892.TW,CEOIEU,上市,,2021/06/10
00893,國泰智能電動車,TWSE,00893.TW,CEOGEU,上市,,2021/07/01
00894,中信小資高價30,TWSE,00894.TW,CEOIEU,上市,,2021/08/13
00895,富邦未來車,TWSE,00895.TW,CEOGEU,上市,,2021/08/12
00896,中信綠能及電動車,TWSE,00896.TW,CEOIEU,上市,,2021/09/16
00897,富邦基因免疫生技,TWSE,00897.TW,CEOGEU,上市,,2021/10/04
00898,國泰基因免疫革命,TWSE,00898.TW,CEOGEU,上市,,2021/11/22
00899,FT潔淨能源,TWSE,00899.TW,CEOGEU,上市,,2022/01/21
00900,富邦特選高股息30,TWSE,00900.TW,CEOIEU,上市,,2021/12/22
00901,永豐智能車供應鏈,TWSE,00901.TW,CEOIEU,上市,,2021/12/15
00902,中信電池及儲能,TWSE,00902.TW,CEOIEU,上市,,2022/01/25
00903,富邦元宇宙,TWSE,00903.TW,CEOIEU,上市,,2022/01/24
00904,台新臺灣半導體30,TWSE,00904.TW,CEOIEU,上市,,2022/03/07
00905,FT臺灣SMART,TWSE,00905.TW,CEOIEU,上市,,2022/04/21
00907,永豐優息存股,TWSE,00907.TW,CEOIEU,上市,,2022/05/24
00908,富邦入息REITs+,TWSE,00908.TW,CEOIEU,上市,,2022/05/20
00909,國泰數位支付服務,TWSE,00909.TW,CEOGEU,上市,,2022/07/13
00910,第一金太空衛星,TWSE,00910.TW,CEOGEU,上市,,2022/07/20
00911,兆豐洲際半導體,TWSE,00911.TW,CEOGEU,上市,,2022/06/27
00912,中信臺灣智慧50,TWSE,00912.TW,CEOIEU,上市,,2022/06/29
00913,兆豐台灣晶圓製造,TWSE,00913.TW,CEOGEU,上市,,2022/08/08
00915,凱基優選高股息30,TWSE,00915.TW,CEOIEU,上市,,2022/08/09
00916,國泰全球品牌50,TWSE,00916.TW,CEOJEU,上市,,2022/09/26
00917,中信特選金融,TWSE,00917.TW,CEOIEU,上市,,2022/08/26
00918,大華優利高填息30,TWSE,00918.TW,CEOGEU,上市,,2022/11/24
00919,群益台灣精選高息,TWSE,00919.TW,CEOIEU,上市,,2022/10/20
00920,富邦ESG綠色電力,TWSE,00920.TW,CEOIEU,上市,,2022/10/20
00921,兆豐龍頭等權重,TWSE,00921.TW,CEOGEU,上市,,2023/01/13
00922,國泰台灣領袖50,TWSE,00922.TW,CEOJEU,上市,,2023/03/27
00923,群益台ESG低碳50,TWSE,00923.TW,CEOIEU,上市,,2023/03/08
00924,復華S&P500成長,TWSE,00924.TW,CEOGEU,上市,,2023/04/26
00926,凱基全球菁英55,TWSE,00926.TW,CEOIEU,上市,,2023/06/02
00927,群益半導體收益,TWSE,00927.TW,CEOIEU,上市,,2023/06/06
00929,復華台灣科技優息,TWSE,00929.TW,CEOIEU,上市,,2023/06/09
00930,永豐ESG低碳高息,TWSE,00930.TW,CEOIEU,上市,,2023/07/13
00932,兆豐永續高息等權,TWSE,00932.TW,CEOGEU,上市,,2023/09/01
00934,中信成長高股息,TWSE,00934.TW,CEOIEU,上市,,2023/11/01
00935,野村臺灣新科技50,TWSE,00935.TW,CEOIEU,上市,,2023/11/01
00936,台新永續高息中小,TWSE,00936.TW,CEOIEU,上市,,2023/11/08
00938,凱基優選30,TWSE,00938.TW,CEOIEU,上市,,2024/10/23
00939,統一台灣高息動能,TWSE,00939.TW,CEOIEU,上市,,2024/03/20
00940,元大台灣價值高息,TWSE,00940.TW,CEOIEU,上市,,2024/04/01
00941,中信上游半導體,TWSE,00941.TW,CEOIEU,上市,,2024/03/15
00943,兆豐電子高息等權,TWSE,00943.TW,CEOGEU,上市,,2024/05/20
00944,野村趨勢動能高息,TWSE,00944.TW,CEOIEU,上市,,2024/05/09
00945B,凱基美國非投等債,TWSE,00945B.TW,CEOIBU,上市,,2024/05/02
00946,群益科技高息成長,TWSE,00946.TW,CEOIEU,上市,,2024/05/09
00947,台新臺灣IC設計,TWSE,00947.TW,CEOIEU,上市,,2024/06/12
00949,復華日本龍頭,TWSE,00949.TW,CEOIEU,上市,,2024/07/01
00951,台新日本半導體,TWSE,00951.TW,CEOIEU,上市,,2024/07/25
00952,凱基台灣AI50,TWSE,00952.TW,CEOIEU,上市,,2024/09/05
00953B,群益優選非投等債,TWSE,00953B.TW,CEOIBU,上市,,2024/08/21
00954,中信日本半導體,TWSE,00954.TW,CEOIEU,上市,,2024/08/20
00956,中信日經高股息,TWSE,00956.TW,CEOIEU,上市,,2024/08/20
00960,野村全球航運龍頭,TWSE,00960.TW,CEOIEU,上市,,2024/09/20
00961,FT臺灣永續高息,TWSE,00961.TW,CEOIEU,上市,,2024/10/15
00962,台新AI優息動能,TWSE,00962.TW,CEOIEU,上市,,2024/12/06
00963,中信全球高股息,TWSE,00963.TW,CEOIEU,上市,,2024/11/14
00964,中信亞太高股息,TWSE,00964.TW,CEOIEU,上市,,2024/11/14
00965,元大航太防衛科技,TWSE,00965.TW,CEOIEU,上市,,2024/11/26
00971,野村美國研發龍頭,TWSE,00971.TW,CEOIEU,上市,,2025/01/09
00972,野村日本動能高息,TWSE,00972.TW,CEOIEU,上市,,2025/01/09
009800,中信NASDAQ,TWSE,009800.TW,CEOIEU,上市,,2025/02/11
009801,中信美國創新科技,TWSE,009801.TW,CEOIEU,上市,,2025/02/11
009802,富邦旗艦50,TWSE,009802.TW,CEOIEU,上市,,2025/03/19
009803,玉山市值動能50,TWSE,009803.TW,CEOIEU,上市,,2025/03/13
009804,聯邦台精彩50,TWSE,009804.TW,CEOIEU,上市,,2025/04/16
009805,台新美國電力基建,TWSE,009805.TW,CEOIEU,上市,,2025/05/13
009808,華南永昌優選50,TWSE,009808.TW,CEOGEU,上市,,2025/05/16
009809,富邦淨零ESG50,TWSE,009809.TW,CEOIEU,上市,,2025/10/14
00980A,主動野村臺灣優選,TWSE,00980A.TW,CEOIEU,上市,,2025/05/05
009810,玉山全球藍籌100,TWSE,009810.TW,CEOIEU,上市,,2025/07/16
009811,統一美國50,TWSE,009811.TW,CEOIEU,上市,,2025/07/29
009812,野村日本東證,TWSE,009812.TW,CEOGEU,上市,,2025/09/18
009813,貝萊德標普卓越50,TWSE,009813.TW,CEOIEU,上市,,2025/10/20
009816,凱基台灣TOP50,TWSE,009816.TW,CEOIEU,上市,,2026/02/03
009817,國泰日本不動產,TWSE,009817.TW,CEOJEU,上市,,2026/02/06
009818,華南永昌NASDAQxT,TWSE,009818.TW,CEOGEU,上市,,2026/03/23
009819,中信數據及電力,TWSE,009819.TW,CEOIEU,上市,,2026/04/23
00981A,主動統一台股增長,TWSE,00981A.TW,CEOIEU,上市,,2025/05/27
00981T,平衡凱基雙核收息,TWSE,00981T.TW,CEOJLU,上市,,2025/09/24
009820,元大納斯達克精選,TWSE,009820.TW,CEOIEU,上市,,2026/04/23
009821,野村稀土關鍵資源,TWSE,009821.TW,CEOGEU,上市,,2026/06/17
009824,群益美國科技巨頭,TWSE,009824.TW,CEOIEU,上市,,2026/06/25
009826,貝萊德世界股票,TWSE,009826.TW,CEOGEU,上市,,2026/08/03
009827,玉山未來全球算力,TWSE,009827.TW,CEOIEU,上市,,2026/09/02
009828,中信台日韓PCB,TWSE,009828.TW,CEOGEU,上市,,2026/09/02
009829,大華韓國KOSPI50,TWSE,009829.TW,CEOIEU,上市,,2026/08/21
00982A,主動群益台灣強棒,TWSE,00982A.TW,CEOIEU,上市,,2025/05/22
00982D,主動富邦動態入息,TWSE,00982D.TW,CEOIBU,上市,,2025/10/14
00982T,平衡兆豐台美動能,TWSE,00982T.TW,CEOJLU,上市,,2025/12/26
00983A,主動中信ARK創新,TWSE,00983A.TW,CEOIEU,上市,,2025/06/18
00983D,主動富邦複合收益,TWSE,00983D.TW,CEOIBU,上市,,2025/10/14
00984A,主動安聯台灣高息,TWSE,00984A.TW,CEOIEU,上市,,2025/07/14
00984D,主動聯博全球非投,TWSE,00984D.TW,CEOIBU,上市,,2026/02/04
00985A,主動野村台灣50,TWSE,00985A.TW,CEOIEU,上市,,2025/07/21
00985B,群益ESG投等債0-5,TWSE,00985B.TW,CEOIBU,上市,,2025/09/11
00986A,主動台新龍頭成長,TWSE,00986A.TW,CEOIEU,上市,,2025/08/27
00987A,主動台新優勢成長,TWSE,00987A.TW,CEOIEU,上市,,2025/12/30
00988A,主動統一全球創新,TWSE,00988A.TW,CEOIEU,上市,,2025/11/05
00989A,主動摩根美國科技,TWSE,00989A.TW,CEOJEU,上市,,2025/10/22
00990A,主動元大AI新經濟,TWSE,00990A.TW,CEOGEU,上市,,2025/12/22
00991A,主動復華未來50,TWSE,00991A.TW,CEOIEU,上市,,2025/12/18
00991B,貝萊德A級公司債,TWSE,00991B.TW,CEOIBU,上市,,2026/08/03
00992A,主動群益科技創新,TWSE,00992A.TW,CEOIEU,上市,,2025/12/30
00993A,主動安聯台灣,TWSE,00993A.TW,CEOIEU,上市,,2026/02/03
00994A,主動第一金台股優,TWSE,00994A.TW,CEOGEU,上市,,2026/01/07
00995A,主動中信台灣卓越,TWSE,00995A.TW,CEOIEU,上市,,2026/01/22
00996A,主動兆豐台灣豐收,TWSE,00996A.TW,CEOIEU,上市,,2026/03/25
00997A,主動群益美國增長,TWSE,00997A.TW,CEOIEU,上市,,2026/04/14
00999A,主動野村臺灣高息,TWSE,00999A.TW,CEOIEU,上市,,2026/05/05
9103,美德醫療-DR,TWSE,9103.TW,EDSDDR,上市,,2002/12/13
9105,泰金寶-DR,TWSE,9105.TW,EDSDDR,上市,,2003/09/22
9110,越南控-DR,TWSE,9110.TW,EDSDDR,上市,,2009/12/03
9136,巨騰-DR,TWSE,9136.TW,EDSDDR,上市,,2009/05/25
00411A,主動統一前沿科技,TPEx,00411A.TWO,CEOIEU,上櫃,,2026/08/26
006201,元大富櫃50,TPEx,006201.TWO,CEOGEU,上櫃,,2011/01/27
00679B,元大美債20年,TPEx,00679B.TWO,CEOIBU,上櫃,,2017/01/17
00687B,國泰20年美債,TPEx,00687B.TWO,CEOJBU,上櫃,,2017/04/13
00687C,國泰20年美債+櫃U,TPEx,00687C.TWO,CEOGBU,上櫃,,2025/01/10
00694B,富邦美債1-3年,TPEx,00694B.TWO,CEOGBU,上櫃,,2017/06/08
00695B,富邦美債7-10年,TPEx,00695B.TWO,CEOGBU,上櫃,,2017/06/08
00696B,富邦美債20年,TPEx,00696B.TWO,CEOGBU,上櫃,,2017/06/08
00697B,元大美債7-10,TPEx,00697B.TWO,CEOGBU,上櫃,,2017/06/23
00719B,元大美債1-3,TPEx,00719B.TWO,CEOJBU,上櫃,,2018/02/01
00720B,元大投資級公司債,TPEx,00720B.TWO,CEOJBU,上櫃,,2018/02/01
00722B,群益投資級電信債,TPEx,00722B.TWO,CEOIBU,上櫃,,2017/12/15
00723B,群益投資級科技債,TPEx,00723B.TWO,CEOIBU,上櫃,,2017/12/15
00724B,群益投資級金融債,TPEx,00724B.TWO,CEOIBU,上櫃,,2017/12/15
00725B,國泰投資級公司債,TPEx,00725B.TWO,CEOJBU,上櫃,,2018/02/07
00726B,國泰新興投等債,TPEx,00726B.TWO,CEOJBU,上櫃,,2018/02/07
00727B,國泰優選非投等債,TPEx,00727B.TWO,CEOIBU,上櫃,,2018/02/07
00734B,台新JPM新興債,TPEx,00734B.TWO,CEOIBU,上櫃,,2018/05/24
00740B,富邦全球投等債,TPEx,00740B.TWO,CEOIBU,上櫃,,2018/06/08
00741B,富邦全球非投等債,TPEx,00741B.TWO,CEOIBU,上櫃,,2018/06/08
00746B,富邦A級公司債,TPEx,00746B.TWO,CEOIBU,上櫃,,2018/08/15
00749B,凱基新興債10+,TPEx,00749B.TWO,CEOIBU,上櫃,,2018/09/20
00750B,凱基科技債10+,TPEx,00750B.TWO,CEOIBU,上櫃,,2018/09/20
00751B,元大AAA至A公司債,TPEx,00751B.TWO,CEOJBU,上櫃,,2018/10/03
00754B,群益AAA-AA公司債,TPEx,00754B.TWO,CEOIBU,上櫃,,2018/10/22
00755B,群益投資級公用債,TPEx,00755B.TWO,CEOIBU,上櫃,,2018/10/22
00756B,群益投等新興公債,TPEx,00756B.TWO,CEOIBU,上櫃,,2018/10/22
00758B,復華能源債,TPEx,00758B.TWO,CEOIBU,上櫃,,2018/11/14
00759B,復華製藥債,TPEx,00759B.TWO,CEOIBU,上櫃,,2018/11/14
00760B,復華新興企業債,TPEx,00760B.TWO,CEOIBU,上櫃,,2018/11/14
00761B,國泰A級公司債,TPEx,00761B.TWO,CEOJBU,上櫃,,2018/11/30
00764B,群益25年美債,TPEx,00764B.TWO,CEOIBU,上櫃,,2018/12/24
00768B,復華20年美債,TPEx,00768B.TWO,CEOGBU,上櫃,,2019/01/28
00772B,中信高評級公司債,TPEx,00772B.TWO,CEOJBU,上櫃,,2019/01/29
00773B,中信優先金融債,TPEx,00773B.TWO,CEOJBU,上櫃,,2019/01/29
00777B,凱基AAA至A公司債,TPEx,00777B.TWO,CEOIBU,上櫃,,2019/02/14
00778B,凱基金融債20+,TPEx,00778B.TWO,CEOIBU,上櫃,,2019/02/14
00779B,凱基美債25+,TPEx,00779B.TWO,CEOIBU,上櫃,,2019/02/14
00780B,國泰A級金融債,TPEx,00780B.TWO,CEOJBU,上櫃,,2019/03/07
00781B,國泰A級科技債,TPEx,00781B.TWO,CEOJBU,上櫃,,2019/03/07
00782B,國泰A級公用債,TPEx,00782B.TWO,CEOJBU,上櫃,,2019/03/07
00785B,富邦金融投等債,TPEx,00785B.TWO,CEOIBU,上櫃,,2019/03/27
00786B,元大10年IG銀行債,TPEx,00786B.TWO,CEOJBU,上櫃,,2019/04/02
00787B,元大10年IG醫療債,TPEx,00787B.TWO,CEOJBU,上櫃,,2019/04/02
00788B,元大10年IG電能債,TPEx,00788B.TWO,CEOJBU,上櫃,,2019/04/02
00789B,復華公司債A3,TPEx,00789B.TWO,CEOIBU,上櫃,,2019/03/20
00791B,復華信用債1-5,TPEx,00791B.TWO,CEOIBU,上櫃,,2019/03/20
00792B,群益A級公司債,TPEx,00792B.TWO,CEOIBU,上櫃,,2019/04/03
00793B,群益AAA-A醫療債,TPEx,00793B.TWO,CEOIRU,上櫃,,2019/04/03
00795B,中信美國公債20年,TPEx,00795B.TWO,CEOIBU,上櫃,,2019/04/11
00799B,國泰A級醫療債,TPEx,00799B.TWO,CEOJBU,上櫃,,2019/05/03
00834B,第一金金融債10+,TPEx,00834B.TWO,CEOIBU,上櫃,,2019/05/09
00836B,永豐10年A公司債,TPEx,00836B.TWO,CEOIBU,上櫃,,2019/05/22
00838B,永豐7-10年中國債,TPEx,00838B.TWO,CEOIBU,上櫃,,2019/06/13
00840B,凱基IG精選15+,TPEx,00840B.TWO,CEOIBU,上櫃,,2019/06/10
00841B,凱基AAA-AA公司債,TPEx,00841B.TWO,CEOIBU,上櫃,,2019/06/10
00842B,台新美元銀行債,TPEx,00842B.TWO,CEOIBU,上櫃,,2019/06/14
00844B,台新15年IG金融債,TPEx,00844B.TWO,CEOIBU,上櫃,,2019/07/18
00845B,富邦新興投等債,TPEx,00845B.TWO,CEOIBU,上櫃,,2019/07/16
00846B,富邦歐洲銀行債,TPEx,00846B.TWO,CEOIBU,上櫃,,2019/07/16
00847B,中信美國市政債,TPEx,00847B.TWO,CEOJBU,上櫃,,2019/07/30
00848B,中信新興亞洲債,TPEx,00848B.TWO,CEOJBU,上櫃,,2019/07/30
00849B,中信EM主權債0-5,TPEx,00849B.TWO,CEOJBU,上櫃,,2019/07/30
00853B,統一美債10年Aa-A,TPEx,00853B.TWO,CEOIBU,上櫃,,2019/09/04
00856B,永豐1-3年美公債,TPEx,00856B.TWO,CEOIBU,上櫃,,2019/09/30
00857B,永豐20年美公債,TPEx,00857B.TWO,CEOIBU,上櫃,,2019/09/30
00858,永豐美國500大,TPEx,00858.TWO,CEOIEU,上櫃,,2019/09/30
00859B,群益0-1年美債,TPEx,00859B.TWO,CEOIBU,上櫃,,2019/10/18
00860B,群益1-5Y投資級債,TPEx,00860B.TWO,CEOIBU,上櫃,,2019/10/18
00862B,中信投資級公司債,TPEx,00862B.TWO,CEOIBU,上櫃,,2019/10/18
00863B,中信全球電信債,TPEx,00863B.TWO,CEOIBU,上櫃,,2019/10/18
00864B,中信美國公債0-1,TPEx,00864B.TWO,CEOGBU,上櫃,,2019/10/18
00867B,台新A-BBB電信債,TPEx,00867B.TWO,CEOIBU,上櫃,,2019/11/15
00870B,元大15年EM主權債,TPEx,00870B.TWO,CEOJBU,上櫃,,2020/01/09
00877,復華中國5G,TPEx,00877.TWO,CEOGEU,上櫃,,2020/07/22
00884B,中信低碳新興債,TPEx,00884B.TWO,CEOIBU,上櫃,,2021/02/04
00886,永豐美國科技,TPEx,00886.TWO,CEOGEU,上櫃,,2021/03/31
00887,永豐中國科技50大,TPEx,00887.TWO,CEOGEU,上櫃,,2021/03/31
00888,永豐台灣ESG,TPEx,00888.TWO,CEOIEU,上櫃,,2021/03/31
00890B,凱基ESG BBB 債 15+,TPEx,00890B.TWO,CEOIBU,上櫃,,2021/05/10
00928,中信上櫃ESG 30,TPEx,00928.TWO,CEOIEU,上櫃,,2023/05/24
00931B,統一美債20年,TPEx,00931B.TWO,CEOIBU,上櫃,,2023/08/07
00933B,國泰10Y+金融債,TPEx,00933B.TWO,CEOJBU,上櫃,,2023/10/19
00937B,群益ESG投等債20+,TPEx,00937B.TWO,CEOIBU,上櫃,,2023/12/05
00942B,台新美A公司債20+,TPEx,00942B.TWO,CEOIBU,上櫃,,2024/04/18
00948B,中信優息投資級債,TPEx,00948B.TWO,CEOIBU,上櫃,,2024/06/12
00950B,凱基A級公司債,TPEx,00950B.TWO,CEOIBU,上櫃,,2024/07/09
00955,中信日本商社,TPEx,00955.TWO,CEOIEU,上櫃,,2024/08/20
00957B,兆豐US優選投等債,TPEx,00957B.TWO,CEOIBU,上櫃,,2024/09/10
00958B,永豐ESG銀行債15+,TPEx,00958B.TWO,CEOIBU,上櫃,,2024/09/18
00959B,大華投等美債15Y+,TPEx,00959B.TWO,CEOIBU,上櫃,,2024/08/28
00966B,統一ESG投等債15+,TPEx,00966B.TWO,CEOIBU,上櫃,,2024/12/16
00967B,元大優息美債,TPEx,00967B.TWO,CEOIBU,上櫃,,2024/12/09
00968B,元大優息投等債,TPEx,00968B.TWO,CEOIBU,上櫃,,2024/12/09
00969B,元大零息超長美債,TPEx,00969B.TWO,CEOIBU,上櫃,,2024/12/09
00970B,台新BBB投等債20+,TPEx,00970B.TWO,CEOIBU,上櫃,,2024/12/17
009806,台新標普500,TPEx,009806.TWO,CEOIEU,上櫃,,2025/05/28
009807,台新標普科技精選,TPEx,009807.TWO,CEOIEU,上櫃,,2025/05/28
00980B,台新特選IG債10+,TPEx,00980B.TWO,CEOIBU,上櫃,,2025/01/22
00980D,主動聯博投等入息,TPEx,00980D.TWO,CEOIBU,上櫃,,2025/08/04
00980T,平衡凱基美國TOP,TPEx,00980T.TWO,CEOJLU,上櫃,,2025/08/15
009814,富邦標普500,TPEx,009814.TWO,CEOIEU,上櫃,,2025/12/19
009815,大華美國MAG7+,TPEx,009815.TWO,CEOIEU,上櫃,,2026/01/26
00981B,第一金優選非投債,TPEx,00981B.TWO,CEOIBU,上櫃,,2025/03/10
00981D,主動中信非投等債,TPEx,00981D.TWO,CEOIBU,上櫃,,2025/09/16
009822,華南永昌未來金融,TPEx,009822.TWO,CEOGEU,上櫃,,2026/06/03
009823,群益S&P500,TPEx,009823.TWO,CEOIEU,上櫃,,2026/06/25
009825,聯邦美國金融創新,TPEx,009825.TWO,CEOIEU,上櫃,,2026/07/17
00982B,FT投資級債20+,TPEx,00982B.TWO,CEOIBU,上櫃,,2025/04/28
00983B,大華優利美公債20,TPEx,00983B.TWO,CEOIBU,上櫃,,2025/05/13
00984B,大華優利美A債15,TPEx,00984B.TWO,CEOIBU,上櫃,,2025/05/13
00985D,主動貝萊德優投等,TPEx,00985D.TWO,CEOIBU,上櫃,,2026/03/30
00986B,FT金融債10+,TPEx,00986B.TWO,CEOIBU,上櫃,,2025/11/12
00986D,主動復華金融債息,TPEx,00986D.TWO,CEOIBU,上櫃,,2026/04/15
00987B,野村10+澳洲公債,TPEx,00987B.TWO,CEOIBU,上櫃,,2026/01/22
00987D,主動統一美債量化,TPEx,00987D.TWO,CEOIBU,上櫃,,2026/08/26
00988B,玉山嚴選非投債,TPEx,00988B.TWO,CEOIBU,上櫃,,2026/03/25
00989B,台新美國非投等債,TPEx,00989B.TWO,CEOIBU,上櫃,,2026/03/31
00990B,國泰收益非投等債,TPEx,00990B.TWO,CEOIBU,上櫃,,2026/07/09
00998A,主動復華金融股息,TPEx,00998A.TWO,CEOIEU,上櫃,,2026/04/15
1240,茂生農經,TPEx,1240.TWO,ESVUFR,上櫃,農業科技業,2018/08/08
1259,安心,TPEx,1259.TWO,ESVUFR,上櫃,觀光餐旅,2011/12/15
1264,德麥,TPEx,1264.TWO,ESVUFR,上櫃,食品工業,2015/04/09
1268,漢來美食,TPEx,1268.TWO,ESVUFR,上櫃,觀光餐旅,2017/09/27
1294,漢田生技,TPEx,1294.TWO,ESVUFR,上櫃,食品工業,2024/09/26
1295,生合,TPEx,1295.TWO,ESVUFR,上櫃,食品工業,2025/05/27
1336,台翰,TPEx,1336.TWO,ESVUFR,上櫃,電子零組件業,2007/11/02
1565,精華,TPEx,1565.TWO,ESVUFR,上櫃,生技醫療業,2004/03/30
1569,濱川,TPEx,1569.TWO,ESVUFR,上櫃,電腦及週邊設備業,2005/07/29
1570,力肯,TPEx,1570.TWO,ESVUFR,上櫃,電機機械,2005/06/30
1580,新麥,TPEx,1580.TWO,ESVUFR,上櫃,電機機械,2007/12/10
1584,精剛,TPEx,1584.TWO,ESVUFR,上櫃,其他業,2007/11/28
1586,和勤,TPEx,1586.TWO,ESVUFR,上櫃,電機機械,2012/01/09
1591,駿吉-KY,TPEx,1591.TWO,ESVUFR,上櫃,電機機械,2012/03/23
1593,祺驊,TPEx,1593.TWO,ESVUFR,上櫃,運動休閒,2012/06/13
1595,川寶,TPEx,1595.TWO,ESVUFR,上櫃,半導體業,2011/10/04
1599,宏佳騰,TPEx,1599.TWO,ESVUFR,上櫃,電機機械,2012/12/25
1742,台蠟,TPEx,1742.TWO,ESVUFR,上櫃,化學工業,2004/05/14
1777,生泰,TPEx,1777.TWO,ESVUFR,上櫃,生技醫療業,2005/10/19
1780,立弘,TPEx,1780.TWO,ESVUFR,上櫃,食品工業,2010/04/29
1781,合世,TPEx,1781.TWO,ESVUFR,上櫃,生技醫療業,2004/12/24
1784,訊聯,TPEx,1784.TWO,ESVUFR,上櫃,生技醫療業,2007/07/26
1785,光洋科,TPEx,1785.TWO,ESVUFR,上櫃,其他電子業,2005/01/31
1788,杏昌,TPEx,1788.TWO,ESVUFR,上櫃,生技醫療業,2009/07/20
1796,金穎生技,TPEx,1796.TWO,ESVUFR,上櫃,食品工業,2018/01/22
1799,易威,TPEx,1799.TWO,ESVUFR,上櫃,生技醫療業,2008/11/10
1813,寶利徠,TPEx,1813.TWO,ESVUFR,上櫃,生技醫療業,2009/08/04
1815,富喬,TPEx,1815.TWO,ESVUFR,上櫃,電子零組件業,2006/01/23
2035,唐榮,TPEx,2035.TWO,ESVUFR,上櫃,鋼鐵工業,2006/07/07
2061,風青,TPEx,2061.TWO,ESVUFR,上櫃,電器電纜,2010/12/09
2063,世鎧,TPEx,2063.TWO,ESVUFR,上櫃,鋼鐵工業,2010/09/07
2064,晉椿,TPEx,2064.TWO,ESVUFR,上櫃,鋼鐵工業,2014/12/26
2065,世豐,TPEx,2065.TWO,ESVUFR,上櫃,鋼鐵工業,2017/04/21
2066,世德,TPEx,2066.TWO,ESVUFR,上櫃,電機機械,2013/09/24
2067,嘉鋼,TPEx,2067.TWO,ESVUFR,上櫃,電機機械,2014/05/26
2070,精湛,TPEx,2070.TWO,ESVUFR,上櫃,電機機械,2018/12/17
2073,雄順,TPEx,2073.TWO,ESVUFR,上櫃,鋼鐵工業,2023/06/21
2221,大甲,TPEx,2221.TWO,ESVUFR,上櫃,其他業,2007/08/01
2230,泰茂,TPEx,2230.TWO,ESVUFR,上櫃,居家生活,2013/04/18
2235,謚源,TPEx,2235.TWO,ESVUFR,上櫃,電機機械,2014/12/15
2596,綠意,TPEx,2596.TWO,ESVUFR,上櫃,建材營造業,2009/06/01
2640,大車隊,TPEx,2640.TWO,ESVUFR,上櫃,數位雲端,2012/11/07
2641,正德,TPEx,2641.TWO,ESVUFR,上櫃,航運業,2014/10/09
2643,捷迅,TPEx,2643.TWO,ESVUFR,上櫃,航運業,2016/03/04
2718,全心投控,TPEx,2718.TWO,ESVUFR,上櫃,建材營造業,2011/03/29
2719,燦星旅,TPEx,2719.TWO,ESVUFR,上櫃,觀光餐旅,2012/02/24
2724,藝舍-KY,TPEx,2724.TWO,ESVUFR,上櫃,其他業,2012/05/29
2726,雅茗-KY,TPEx,2726.TWO,ESVUFR,上櫃,觀光餐旅,2014/12/24
2729,瓦城,TPEx,2729.TWO,ESVUFR,上櫃,觀光餐旅,2012/09/17
2732,六角,TPEx,2732.TWO,ESVUFR,上櫃,觀光餐旅,2015/01/20
2734,易飛網,TPEx,2734.TWO,ESVUFR,上櫃,觀光餐旅,2013/12/26
2736,富野,TPEx,2736.TWO,ESVUFR,上櫃,觀光餐旅,2016/01/06
2740,華軒,TPEx,2740.TWO,ESVUFR,上櫃,觀光餐旅,2015/12/24
2743,山富,TPEx,2743.TWO,ESVUFR,上櫃,觀光餐旅,2020/03/09
2745,五福,TPEx,2745.TWO,ESVUFR,上櫃,觀光餐旅,2018/04/16
2751,王座,TPEx,2751.TWO,ESVUFR,上櫃,觀光餐旅,2024/09/10
2752,豆府,TPEx,2752.TWO,ESVUFR,上櫃,觀光餐旅,2019/09/25
2754,亞洲藏壽司,TPEx,2754.TWO,ESVUFR,上櫃,觀光餐旅,2020/09/17
2755,揚秦,TPEx,2755.TWO,ESVUFR,上櫃,觀光餐旅,2020/12/16
2756,聯發國際,TPEx,2756.TWO,ESVUFR,上櫃,觀光餐旅,2022/01/14
2916,滿心,TPEx,2916.TWO,ESVUFR,上櫃,居家生活,2005/03/10
2924,宏太-KY,TPEx,2924.TWO,ESVUFR,上櫃,居家生活,2011/12/02
2926,誠品生活,TPEx,2926.TWO,ESVUFR,上櫃,文化創意業,2013/01/30
2937,集雅社,TPEx,2937.TWO,ESVUFR,上櫃,居家生活,2017/06/08
2941,米斯特,TPEx,2941.TWO,ESVUFR,上櫃,居家生活,2024/03/20
2947,振宇五金,TPEx,2947.TWO,ESVUFR,上櫃,居家生活,2021/10/06
2948,寶陞,TPEx,2948.TWO,ESVUFR,上櫃,居家生活,2023/12/12
2949,欣新網,TPEx,2949.TWO,ESVUFR,上櫃,數位雲端,2023/12/15
3064,泰偉,TPEx,3064.TWO,ESVUFR,上櫃,文化創意業,2004/06/09
3066,李洲,TPEx,3066.TWO,ESVUFR,上櫃,光電業,2004/12/02
3067,全域,TPEx,3067.TWO,ESVUFR,上櫃,居家生活,2003/10/21
3071,協禧,TPEx,3071.TWO,ESVUFR,上櫃,電腦及週邊設備業,2004/12/30
3073,天方能源,TPEx,3073.TWO,ESVUFR,上櫃,綠能環保,2007/10/08
3078,僑威,TPEx,3078.TWO,ESVUFR,上櫃,電子零組件業,2005/01/31
3081,聯亞,TPEx,3081.TWO,ESVUFR,上櫃,通信網路業,2015/07/22
3083,網龍,TPEx,3083.TWO,ESVUFR,上櫃,文化創意業,2003/12/02
3085,新零售,TPEx,3085.TWO,ESVUFR,上櫃,數位雲端,2004/03/01
3086,華義*,TPEx,3086.TWO,ESVUFR,上櫃,文化創意業,2004/03/29
3088,艾訊,TPEx,3088.TWO,ESVUFR,上櫃,電腦及週邊設備業,2005/04/28
3093,港建*,TPEx,3093.TWO,ESVUFR,上櫃,其他電子業,2005/06/17
3095,及成,TPEx,3095.TWO,ESVUFR,上櫃,通信網路業,2005/05/26
3105,穩懋,TPEx,3105.TWO,ESVUFR,上櫃,半導體業,2011/12/13
3114,好德,TPEx,3114.TWO,ESVUFR,上櫃,電子零組件業,2004/03/25
3115,富榮綱,TPEx,3115.TWO,ESVUFR,上櫃,電子零組件業,2005/04/08
3118,進階,TPEx,3118.TWO,ESVUFR,上櫃,生技醫療業,2008/05/21
3122,笙泉,TPEx,3122.TWO,ESVUFR,上櫃,半導體業,2015/01/26
3128,昇銳,TPEx,3128.TWO,ESVUFR,上櫃,光電業,2006/09/04
3131,弘塑,TPEx,3131.TWO,ESVUFR,上櫃,半導體業,2011/01/17
3141,晶宏,TPEx,3141.TWO,ESVUFR,上櫃,半導體業,2014/03/14
3147,大綜,TPEx,3147.TWO,ESVUFR,上櫃,資訊服務業,2018/05/29
3152,璟德,TPEx,3152.TWO,ESVUFR,上櫃,通信網路業,2008/03/24
3158,嘉實,TPEx,3158.TWO,ESVUFR,上櫃,資訊服務業,2025/11/17
3162,精確,TPEx,3162.TWO,ESVUFR,上櫃,電機機械,2005/10/03
3163,波若威,TPEx,3163.TWO,ESVUFR,上櫃,通信網路業,2012/12/03
3169,亞信,TPEx,3169.TWO,ESVUFR,上櫃,半導體業,2009/11/24
3171,炎洲流通,TPEx,3171.TWO,ESVUFR,上櫃,居家生活,2004/09/17
3176,基亞,TPEx,3176.TWO,ESVUFR,上櫃,生技醫療業,2011/11/23
3178,公準,TPEx,3178.TWO,ESVUFR,上櫃,半導體業,2018/11/19
3188,鑫龍騰,TPEx,3188.TWO,ESVUFR,上櫃,建材營造業,2004/03/17
3191,雲嘉南,TPEx,3191.TWO,ESVUFR,上櫃,電子零組件業,2005/04/12
3205,佰研,TPEx,3205.TWO,ESVUFR,上櫃,生技醫療業,2005/09/12
3206,志豐,TPEx,3206.TWO,ESVUFR,上櫃,電子零組件業,2007/02/08
3207,耀勝,TPEx,3207.TWO,ESVUFR,上櫃,電子零組件業,2004/11/04
3211,順達,TPEx,3211.TWO,ESVUFR,上櫃,電腦及週邊設備業,2004/11/08
3213,茂訊,TPEx,3213.TWO,ESVUFR,上櫃,電腦及週邊設備業,2004/10/01
3217,優群,TPEx,3217.TWO,ESVUFR,上櫃,電子零組件業,2004/04/30
3218,大學光,TPEx,3218.TWO,ESVUFR,上櫃,生技醫療業,2004/11/29
3219,倚強科,TPEx,3219.TWO,ESVUFR,上櫃,其他電子業,2004/03/19
3221,台嘉碩,TPEx,3221.TWO,ESVUFR,上櫃,通信網路業,2006/02/22
3224,三顧,TPEx,3224.TWO,ESVUFR,上櫃,電子通路業,2004/06/03
3226,龍鋒,TPEx,3226.TWO,ESVUFR,上櫃,電機機械,2004/06/16
3227,原相,TPEx,3227.TWO,ESVUFR,上櫃,半導體業,2006/05/04
3228,金麗科,TPEx,3228.TWO,ESVUFR,上櫃,半導體業,2005/03/02
3230,錦明,TPEx,3230.TWO,ESVUFR,上櫃,光電業,2006/09/25
3232,昱捷,TPEx,3232.TWO,ESVUFR,上櫃,電子通路業,2004/11/01
3234,光環,TPEx,3234.TWO,ESVUFR,上櫃,通信網路業,2011/03/24
3236,千如,TPEx,3236.TWO,ESVUFR,上櫃,電子零組件業,2004/12/02
3252,海灣,TPEx,3252.TWO,ESVUFR,上櫃,觀光餐旅,2004/09/23
3259,鑫創,TPEx,3259.TWO,ESVUFR,上櫃,半導體業,2007/12/24
3260,威剛,TPEx,3260.TWO,ESVUFR,上櫃,半導體業,2004/10/08
3264,欣銓,TPEx,3264.TWO,ESVUFR,上櫃,半導體業,2005/01/05
3265,台星科,TPEx,3265.TWO,ESVUFR,上櫃,半導體業,2005/08/02
3268,海德威,TPEx,3268.TWO,ESVUFR,上櫃,半導體業,2005/01/27
3272,東碩,TPEx,3272.TWO,ESVUFR,上櫃,電腦及週邊設備業,2014/08/26
3276,宇環,TPEx,3276.TWO,ESVUFR,上櫃,電子零組件業,2005/01/12
3284,太普高,TPEx,3284.TWO,ESVUFR,上櫃,其他業,2005/03/22
3285,微端,TPEx,3285.TWO,ESVUFR,上櫃,其他電子業,2012/07/23
3287,廣寰科,TPEx,3287.TWO,ESVUFR,上櫃,電腦及週邊設備業,2008/01/28
3288,點晶,TPEx,3288.TWO,ESVUFR,上櫃,電子零組件業,2005/04/15
3289,宜特,TPEx,3289.TWO,ESVUFR,上櫃,其他電子業,2004/12/28
3290,東浦,TPEx,3290.TWO,ESVUFR,上櫃,電子零組件業,2005/05/19
3293,鈊象,TPEx,3293.TWO,ESVUFR,上櫃,文化創意業,2006/07/12
3294,英濟,TPEx,3294.TWO,ESVUFR,上櫃,電子零組件業,2007/04/27
3297,杭特,TPEx,3297.TWO,ESVUFR,上櫃,光電業,2005/06/07
3303,岱稜,TPEx,3303.TWO,ESVUFR,上櫃,其他電子業,2007/05/28
3306,鼎天,TPEx,3306.TWO,ESVUFR,上櫃,通信網路業,2005/07/05
3310,佳穎,TPEx,3310.TWO,ESVUFR,上櫃,電子零組件業,2008/06/27
3313,斐成,TPEx,3313.TWO,ESVUFR,上櫃,建材營造業,2026/06/01
3317,尼克森,TPEx,3317.TWO,ESVUFR,上櫃,半導體業,2007/08/09
3322,建舜電,TPEx,3322.TWO,ESVUFR,上櫃,電子零組件業,2009/05/20
3323,加百裕,TPEx,3323.TWO,ESVUFR,上櫃,電腦及週邊設備業,2007/06/25
3324,雙鴻,TPEx,3324.TWO,ESVUFR,上櫃,其他電子業,2005/05/13
3325,旭品,TPEx,3325.TWO,ESVUFR,上櫃,電腦及週邊設備業,2005/08/15
3332,幸康,TPEx,3332.TWO,ESVUFR,上櫃,電子零組件業,2008/01/24
3339,泰谷,TPEx,3339.TWO,ESVUFR,上櫃,光電業,2006/06/27
3349,寶德,TPEx,3349.TWO,ESVUFR,上櫃,電腦及週邊設備業,2022/03/23
3354,律勝,TPEx,3354.TWO,ESVUFR,上櫃,電子零組件業,2005/12/08
3357,臺慶科,TPEx,3357.TWO,ESVUFR,上櫃,電子零組件業,2021/04/27
3360,尚立,TPEx,3360.TWO,ESVUFR,上櫃,電子通路業,2006/06/06
3362,先進光,TPEx,3362.TWO,ESVUFR,上櫃,光電業,2005/09/06
3363,上詮,TPEx,3363.TWO,ESVUFR,上櫃,通信網路業,2011/02/25
3372,典範,TPEx,3372.TWO,ESVUFR,上櫃,半導體業,2005/12/16
3373,熱映,TPEx,3373.TWO,ESVUFR,上櫃,其他電子業,2007/12/13
3374,精材,TPEx,3374.TWO,ESVUFR,上櫃,半導體業,2015/03/30
3379,彬台,TPEx,3379.TWO,ESVUFR,上櫃,電機機械,2011/10/20
3388,崇越電,TPEx,3388.TWO,ESVUFR,上櫃,電子零組件業,2006/02/22
3390,旭軟,TPEx,3390.TWO,ESVUFR,上櫃,電子零組件業,2006/02/22
3402,漢科,TPEx,3402.TWO,ESVUFR,上櫃,其他電子業,2007/01/09
3430,奇鈦科,TPEx,3430.TWO,ESVUFR,上櫃,化學工業,2022/09/08
3434,哲固,TPEx,3434.TWO,ESVUFR,上櫃,光電業,2008/01/28
3438,類比科,TPEx,3438.TWO,ESVUFR,上櫃,半導體業,2006/07/19
3441,聯一光,TPEx,3441.TWO,ESVUFR,上櫃,光電業,2010/10/04
3444,利機,TPEx,3444.TWO,ESVUFR,上櫃,電子通路業,2008/09/26
3455,由田,TPEx,3455.TWO,ESVUFR,上櫃,光電業,2007/12/27
3465,進泰電子,TPEx,3465.TWO,ESVUFR,上櫃,其他電子業,2008/01/28
3466,德晉,TPEx,3466.TWO,ESVUFR,上櫃,通信網路業,2006/05/17
3467,台灣精材,TPEx,3467.TWO,ESVUFR,上櫃,半導體業,2025/03/25
3479,安勤,TPEx,3479.TWO,ESVUFR,上櫃,電腦及週邊設備業,2010/06/08
3483,力致,TPEx,3483.TWO,ESVUFR,上櫃,電腦及週邊設備業,2006/12/18
3484,崧騰,TPEx,3484.TWO,ESVUFR,上櫃,電子零組件業,2007/11/09
3485,敘豐,TPEx,3485.TWO,ESVUFR,上櫃,電子零組件業,2026/05/06
3489,森寶,TPEx,3489.TWO,ESVUFR,上櫃,建材營造業,2007/09/29
3490,單井,TPEx,3490.TWO,ESVUFR,上櫃,光電業,2007/10/15
3491,昇達科,TPEx,3491.TWO,ESVUFR,上櫃,通信網路業,2008/01/03
3492,長盛,TPEx,3492.TWO,ESVUFR,上櫃,電子零組件業,2015/05/18
3498,陽程,TPEx,3498.TWO,ESVUFR,上櫃,其他電子業,2007/09/11
3499,環天科,TPEx,3499.TWO,ESVUFR,上櫃,通信網路業,2006/10/19
3508,位速,TPEx,3508.TWO,ESVUFR,上櫃,其他電子業,2007/10/17
3511,矽瑪,TPEx,3511.TWO,ESVUFR,上櫃,電子零組件業,2009/02/16
3512,皇龍,TPEx,3512.TWO,ESVUFR,上櫃,建材營造業,2007/07/25
3516,亞帝歐,TPEx,3516.TWO,ESVUFR,上櫃,光電業,2007/11/29
3520,華盈,TPEx,3520.TWO,ESVUFR,上櫃,電子零組件業,2007/10/12
3521,台鋼建設,TPEx,3521.TWO,ESVUFR,上櫃,建材營造業,2025/06/02
3522,御嵿,TPEx,3522.TWO,ESVUFR,上櫃,觀光餐旅,2007/10/15
3523,迎輝,TPEx,3523.TWO,ESVUFR,上櫃,光電業,2007/11/16
3526,凡甲,TPEx,3526.TWO,ESVUFR,上櫃,電子零組件業,2007/11/02
3527,聚積,TPEx,3527.TWO,ESVUFR,上櫃,半導體業,2007/10/29
3529,力旺,TPEx,3529.TWO,ESVUFR,上櫃,半導體業,2011/01/24
3531,先益,TPEx,3531.TWO,ESVUFR,上櫃,光電業,2008/04/08
3537,堡達,TPEx,3537.TWO,ESVUFR,上櫃,電子零組件業,2010/01/25
3540,曜越,TPEx,3540.TWO,ESVUFR,上櫃,電腦及週邊設備業,2007/12/12
3541,西柏,TPEx,3541.TWO,ESVUFR,上櫃,其他電子業,2009/12/22
3546,宇峻,TPEx,3546.TWO,ESVUFR,上櫃,文化創意業,2008/04/18
3548,兆利,TPEx,3548.TWO,ESVUFR,上櫃,電子零組件業,2008/03/27
3551,世禾,TPEx,3551.TWO,ESVUFR,上櫃,綠能環保,2008/04/15
3552,同致,TPEx,3552.TWO,ESVUFR,上櫃,其他電子業,2009/01/07
3555,博士旺,TPEx,3555.TWO,ESVUFR,上櫃,半導體業,2011/11/08
3556,禾瑞亞,TPEx,3556.TWO,ESVUFR,上櫃,半導體業,2008/04/15
3558,神準,TPEx,3558.TWO,ESVUFR,上櫃,通信網路業,2013/12/30
3564,其陽,TPEx,3564.TWO,ESVUFR,上櫃,通信網路業,2013/12/03
3567,逸昌,TPEx,3567.TWO,ESVUFR,上櫃,半導體業,2010/11/22
3570,大塚,TPEx,3570.TWO,ESVUFR,上櫃,資訊服務業,2008/10/23
3577,泓格,TPEx,3577.TWO,ESVUFR,上櫃,電腦及週邊設備業,2009/01/06
3580,友威科,TPEx,3580.TWO,ESVUFR,上櫃,其他電子業,2010/07/09
3581,博磊,TPEx,3581.TWO,ESVUFR,上櫃,半導體業,2015/01/20
3587,閎康,TPEx,3587.TWO,ESVUFR,上櫃,其他電子業,2009/08/18
3594,磐儀,TPEx,3594.TWO,ESVUFR,上櫃,電腦及週邊設備業,2013/05/07
3597,映興,TPEx,3597.TWO,ESVUFR,上櫃,電子零組件業,2020/03/09
3609,三一東林,TPEx,3609.TWO,ESVUFR,上櫃,電子零組件業,2011/01/11
3611,鼎翰,TPEx,3611.TWO,ESVUFR,上櫃,電腦及週邊設備業,2008/11/26
3615,安可,TPEx,3615.TWO,ESVUFR,上櫃,光電業,2009/04/15
3623,富晶通,TPEx,3623.TWO,ESVUFR,上櫃,光電業,2010/04/28
3624,光頡,TPEx,3624.TWO,ESVUFR,上櫃,電子零組件業,2011/03/16
3625,西勝,TPEx,3625.TWO,ESVUFR,上櫃,電腦及週邊設備業,2009/10/28
3628,盈正,TPEx,3628.TWO,ESVUFR,上櫃,其他電子業,2010/09/09
3629,地心引力,TPEx,3629.TWO,ESVUFR,上櫃,文化創意業,2020/06/01
3630,新鉅科,TPEx,3630.TWO,ESVUFR,上櫃,光電業,2010/04/26
3631,晟楠,TPEx,3631.TWO,ESVUFR,上櫃,電子零組件業,2010/12/20
3632,研勤,TPEx,3632.TWO,ESVUFR,上櫃,通信網路業,2011/01/11
3646,艾恩特,TPEx,3646.TWO,ESVUFR,上櫃,電子零組件業,2012/03/27
3663,鑫科,TPEx,3663.TWO,ESVUFR,上櫃,其他電子業,2012/11/20
3664,安瑞-KY,TPEx,3664.TWO,ESVUFR,上櫃,通信網路業,2010/06/24
3666,光耀,TPEx,3666.TWO,ESVUFR,上櫃,光電業,2014/12/04
3672,康聯訊,TPEx,3672.TWO,ESVUFR,上櫃,通信網路業,2015/04/20
3675,德微,TPEx,3675.TWO,ESVUFR,上櫃,半導體業,2012/06/29
3680,家登,TPEx,3680.TWO,ESVUFR,上櫃,半導體業,2011/08/31
3684,榮昌,TPEx,3684.TWO,ESVUFR,上櫃,通信網路業,2014/03/28
3685,元創精密,TPEx,3685.TWO,ESVUFR,上櫃,電機機械,2010/12/08
3687,歐買尬,TPEx,3687.TWO,ESVUFR,上櫃,數位雲端,2020/06/01
3689,湧德,TPEx,3689.TWO,ESVUFR,上櫃,電子零組件業,2012/10/18
3691,碩禾,TPEx,3691.TWO,ESVUFR,上櫃,光電業,2010/11/18
3693,營邦,TPEx,3693.TWO,ESVUFR,上櫃,電腦及週邊設備業,2013/11/27
3707,漢磊,TPEx,3707.TWO,ESVUFR,上櫃,半導體業,2014/10/01
3709,鑫聯大投控,TPEx,3709.TWO,ESVUFR,上櫃,電腦及週邊設備業,1999/04/16
3710,連展投控,TPEx,3710.TWO,ESVUFR,上櫃,電子零組件業,2017/12/29
3713,新晶投控,TPEx,3713.TWO,ESVUFR,上櫃,綠能環保,2020/02/27
3718,中光電投控,TPEx,3718.TWO,ESVUFR,上櫃,光電業,1999/01/20
4102,永日,TPEx,4102.TWO,ESVUFR,上櫃,生技醫療業,2001/03/20
4105,東洋,TPEx,4105.TWO,ESVUFR,上櫃,生技醫療業,2001/09/27
4107,邦特,TPEx,4107.TWO,ESVUFR,上櫃,生技醫療業,2002/03/04
4109,加捷生醫,TPEx,4109.TWO,ESVUFR,上櫃,生技醫療業,2002/08/08
4111,濟生,TPEx,4111.TWO,ESVUFR,上櫃,生技醫療業,1999/03/06
4113,聯上,TPEx,4113.TWO,ESVUFR,上櫃,建材營造業,2003/07/22
4114,健喬,TPEx,4114.TWO,ESVUFR,上櫃,生技醫療業,2003/05/12
4116,明基醫,TPEx,4116.TWO,ESVUFR,上櫃,生技醫療業,2015/12/16
4120,友華,TPEx,4120.TWO,ESVUFR,上櫃,生技醫療業,2003/11/05
4121,優盛,TPEx,4121.TWO,ESVUFR,上櫃,生技醫療業,2003/07/25
4123,晟德,TPEx,4123.TWO,ESVUFR,上櫃,生技醫療業,2003/10/07
4126,太醫,TPEx,4126.TWO,ESVUFR,上櫃,生技醫療業,2004/02/09
4127,天良,TPEx,4127.TWO,ESVUFR,上櫃,生技醫療業,2005/07/29
4128,中天,TPEx,4128.TWO,ESVUFR,上櫃,生技醫療業,2006/06/09
4129,聯合,TPEx,4129.TWO,ESVUFR,上櫃,生技醫療業,2004/09/29
4131,浩泰,TPEx,4131.TWO,ESVUFR,上櫃,生技醫療業,2004/04/09
4138,曜亞,TPEx,4138.TWO,ESVUFR,上櫃,生技醫療業,2010/12/29
4139,馬光-KY,TPEx,4139.TWO,ESVUFR,上櫃,生技醫療業,2011/04/29
4147,中裕,TPEx,4147.TWO,ESVUFR,上櫃,生技醫療業,2015/11/23
4153,鈺緯,TPEx,4153.TWO,ESVUFR,上櫃,生技醫療業,2013/05/23
4154,樂威科-KY,TPEx,4154.TWO,ESVUFR,上櫃,其他業,2011/12/28
4157,太景*-KY,TPEx,4157.TWO,ESVUFR,上櫃,生技醫療業,2013/08/30
4160,訊聯基因,TPEx,4160.TWO,ESVUFR,上櫃,生技醫療業,2012/09/17
4161,聿新科,TPEx,4161.TWO,ESVUFR,上櫃,生技醫療業,2013/06/26
4162,智擎,TPEx,4162.TWO,ESVUFR,上櫃,生技醫療業,2012/09/18
4163,鐿鈦,TPEx,4163.TWO,ESVUFR,上櫃,生技醫療業,2012/11/15
4166,友霖,TPEx,4166.TWO,ESVUFR,上櫃,生技醫療業,2025/08/21
4167,松瑞藥,TPEx,4167.TWO,ESVUFR,上櫃,生技醫療業,2015/09/08
4168,醣聯,TPEx,4168.TWO,ESVUFR,上櫃,生技醫療業,2012/12/18
4171,瑞基,TPEx,4171.TWO,ESVUFR,上櫃,農業科技業,2018/03/28
4173,久裕,TPEx,4173.TWO,ESVUFR,上櫃,生技醫療業,2013/10/31
4174,浩鼎,TPEx,4174.TWO,ESVUFR,上櫃,生技醫療業,2015/03/23
4175,杏一,TPEx,4175.TWO,ESVUFR,上櫃,生技醫療業,2014/04/23
4183,福永生技,TPEx,4183.TWO,ESVUFR,上櫃,生技醫療業,2017/03/09
4188,安克,TPEx,4188.TWO,ESVUFR,上櫃,生技醫療業,2015/03/24
4192,杏國,TPEx,4192.TWO,ESVUFR,上櫃,生技醫療業,2014/10/28
4198,欣大健康,TPEx,4198.TWO,ESVUFR,上櫃,生技醫療業,2014/12/23
4205,中華食,TPEx,4205.TWO,ESVUFR,上櫃,食品工業,1999/01/31
4207,環泰,TPEx,4207.TWO,ESVUFR,上櫃,食品工業,2000/01/21
4303,信立,TPEx,4303.TWO,ESVUFR,上櫃,塑膠工業,1999/03/10
4304,勝昱,TPEx,4304.TWO,ESVUFR,上櫃,塑膠工業,2000/01/27
4305,世坤,TPEx,4305.TWO,ESVUFR,上櫃,塑膠工業,2000/09/28
4401,東隆興,TPEx,4401.TWO,ESVUFR,上櫃,紡織纖維,1996/05/09
4402,郡都開發,TPEx,4402.TWO,ESVUFR,上櫃,紡織纖維,1997/07/23
4406,新昕纖,TPEx,4406.TWO,ESVUFR,上櫃,紡織纖維,1999/01/14
4413,飛寶企業,TPEx,4413.TWO,ESVUFR,上櫃,紡織纖維,1999/07/29
4416,三圓,TPEx,4416.TWO,ESVUFR,上櫃,建材營造業,2000/05/06
4417,金洲,TPEx,4417.TWO,ESVUFR,上櫃,紡織纖維,2000/11/07
4419,皇家美食,TPEx,4419.TWO,ESVUFR,上櫃,觀光餐旅,2001/06/26
4420,光明,TPEx,4420.TWO,ESVUFR,上櫃,紡織纖維,2002/04/18
4430,耀億,TPEx,4430.TWO,ESVUFR,上櫃,其他業,2011/06/09
4432,銘旺實,TPEx,4432.TWO,ESVUFR,上櫃,紡織纖維,2012/11/26
4433,興采,TPEx,4433.TWO,ESVUFR,上櫃,紡織纖維,2014/11/03
4442,竣邦-KY,TPEx,4442.TWO,ESVUFR,上櫃,紡織纖維,2023/11/29
4502,健信,TPEx,4502.TWO,ESVUFR,上櫃,電機機械,1995/12/12
4503,金雨,TPEx,4503.TWO,ESVUFR,上櫃,電機機械,1996/12/19
4506,崇友,TPEx,4506.TWO,ESVUFR,上櫃,電機機械,1997/12/06
4510,高鋒,TPEx,4510.TWO,ESVUFR,上櫃,電機機械,1998/02/24
4513,福裕,TPEx,4513.TWO,ESVUFR,上櫃,電機機械,1998/03/25
4523,永彰,TPEx,4523.TWO,ESVUFR,上櫃,電機機械,1999/11/22
4527,方土霖,TPEx,4527.TWO,ESVUFR,上櫃,電機機械,2000/09/28
4528,江興鍛,TPEx,4528.TWO,ESVUFR,上櫃,電機機械,2001/02/12
4529,淳紳,TPEx,4529.TWO,ESVUFR,上櫃,其他業,2001/05/04
4530,天意能創,TPEx,4530.TWO,ESVUFR,上櫃,觀光餐旅,2001/04/30
4533,協易機,TPEx,4533.TWO,ESVUFR,上櫃,電機機械,2002/04/26
4534,慶騰,TPEx,4534.TWO,ESVUFR,上櫃,電機機械,2003/03/31
4535,至興,TPEx,4535.TWO,ESVUFR,上櫃,電機機械,2003/04/16
4538,大詠城,TPEx,4538.TWO,ESVUFR,上櫃,電機機械,2019/01/15
4541,晟田,TPEx,4541.TWO,ESVUFR,上櫃,其他業,2014/07/22
4542,科嶠,TPEx,4542.TWO,ESVUFR,上櫃,電子零組件業,2014/08/25
4543,萬在,TPEx,4543.TWO,ESVUFR,上櫃,電機機械,2016/03/15
4549,桓達,TPEx,4549.TWO,ESVUFR,上櫃,電機機械,2014/11/27
4550,長佳,TPEx,4550.TWO,ESVUFR,上櫃,電機機械,2015/03/18
4554,橙的,TPEx,4554.TWO,ESVUFR,上櫃,其他電子業,2016/08/05
4556,旭然,TPEx,4556.TWO,ESVUFR,上櫃,其他業,2015/12/22
4558,寶緯,TPEx,4558.TWO,ESVUFR,上櫃,電機機械,2022/03/17
4561,健椿,TPEx,4561.TWO,ESVUFR,上櫃,電機機械,2018/06/11
4563,百德,TPEx,4563.TWO,ESVUFR,上櫃,電機機械,2018/07/12
4568,科際精密,TPEx,4568.TWO,ESVUFR,上櫃,電機機械,2018/10/03
4577,達航科技,TPEx,4577.TWO,ESVUFR,上櫃,其他電子業,2022/06/14
4580,捷流閥業,TPEx,4580.TWO,ESVUFR,上櫃,電機機械,2020/01/06
4584,君帆,TPEx,4584.TWO,ESVUFR,上櫃,電機機械,2022/10/05
4609,唐鋒,TPEx,4609.TWO,ESVUFR,上櫃,居家生活,2000/05/19
4702,中美實,TPEx,4702.TWO,ESVUFR,上櫃,居家生活,1995/04/21
4706,大恭,TPEx,4706.TWO,ESVUFR,上櫃,化學工業,1998/04/17
4707,磐亞,TPEx,4707.TWO,ESVUFR,上櫃,化學工業,1998/05/20
4711,永純,TPEx,4711.TWO,ESVUFR,上櫃,化學工業,1999/02/24
4714,永捷,TPEx,4714.TWO,ESVUFR,上櫃,化學工業,2000/03/27
4716,大立,TPEx,4716.TWO,ESVUFR,上櫃,化學工業,2000/03/27
4721,美琪瑪,TPEx,4721.TWO,ESVUFR,上櫃,化學工業,2001/03/09
4726,永昕,TPEx,4726.TWO,ESVUFR,上櫃,生技醫療業,2013/12/25
4728,雙美,TPEx,4728.TWO,ESVUFR,上櫃,生技醫療業,2012/01/10
4729,熒茂,TPEx,4729.TWO,ESVUFR,上櫃,光電業,2009/02/24
4735,豪展,TPEx,4735.TWO,ESVUFR,上櫃,生技醫療業,2011/08/16
4741,泓瀚,TPEx,4741.TWO,ESVUFR,上櫃,化學工業,2017/09/26
4743,合一,TPEx,4743.TWO,ESVUFR,上櫃,生技醫療業,2011/09/23
4744,皇將,TPEx,4744.TWO,ESVUFR,上櫃,生技醫療業,2018/07/12
4745,合富-KY,TPEx,4745.TWO,ESVUFR,上櫃,生技醫療業,2013/01/30
4747,強生*,TPEx,4747.TWO,ESVUFR,上櫃,生技醫療業,2013/12/25
4749,新應材,TPEx,4749.TWO,ESVUFR,上櫃,半導體業,2025/01/17
4754,國碳科,TPEx,4754.TWO,ESVUFR,上櫃,化學工業,2016/09/28
4760,勤凱,TPEx,4760.TWO,ESVUFR,上櫃,其他電子業,2019/03/21
4767,誠泰科技,TPEx,4767.TWO,ESVUFR,上櫃,化學工業,2018/10/29
4768,晶呈科技,TPEx,4768.TWO,ESVUFR,上櫃,化學工業,2022/04/13
4772,台特化,TPEx,4772.TWO,ESVUFR,上櫃,化學工業,2024/09/20
4804,大略-KY,TPEx,4804.TWO,ESVUFR,上櫃,觀光餐旅,2015/12/04
4806,桂田文創,TPEx,4806.TWO,ESVUFR,上櫃,文化創意業,2016/03/09
4903,聯光通,TPEx,4903.TWO,ESVUFR,上櫃,通信網路業,2001/05/14
4905,台聯電,TPEx,4905.TWO,ESVUFR,上櫃,生技醫療業,2026/06/01
4907,富宇,TPEx,4907.TWO,ESVUFR,上櫃,建材營造業,2002/03/04
4908,前鼎,TPEx,4908.TWO,ESVUFR,上櫃,通信網路業,2002/02/27
4909,新復興,TPEx,4909.TWO,ESVUFR,上櫃,通信網路業,2002/11/28
4911,德英,TPEx,4911.TWO,ESVUFR,上櫃,生技醫療業,2011/03/21
4923,力士,TPEx,4923.TWO,ESVUFR,上櫃,半導體業,2022/03/14
4924,欣厚-KY,TPEx,4924.TWO,ESVUFR,上櫃,綠能環保,2011/10/18
4931,新盛力,TPEx,4931.TWO,ESVUFR,上櫃,電腦及週邊設備業,2019/09/17
4933,友輝,TPEx,4933.TWO,ESVUFR,上櫃,光電業,2010/05/04
4939,亞電,TPEx,4939.TWO,ESVUFR,上櫃,電子零組件業,2011/09/19
4946,辣椒,TPEx,4946.TWO,ESVUFR,上櫃,文化創意業,2011/06/10
4950,金耘國際,TPEx,4950.TWO,ESVUFR,上櫃,鋼鐵工業,2012/04/27
4951,精拓科,TPEx,4951.TWO,ESVUFR,上櫃,半導體業,2022/11/03
4953,緯致,TPEx,4953.TWO,ESVUFR,上櫃,資訊服務業,2026/07/30
4966,譜瑞-KY,TPEx,4966.TWO,ESVUFR,上櫃,半導體業,2011/09/13
4971,IET-KY,TPEx,4971.TWO,ESVUFR,上櫃,半導體業,2013/07/24
4972,湯石照明,TPEx,4972.TWO,ESVUFR,上櫃,光電業,2013/06/17
4973,廣穎,TPEx,4973.TWO,ESVUFR,上櫃,半導體業,2012/06/19
4974,亞泰,TPEx,4974.TWO,ESVUFR,上櫃,電子零組件業,2011/11/29
4979,華星光,TPEx,4979.TWO,ESVUFR,上櫃,通信網路業,2011/12/12
4991,環宇-KY,TPEx,4991.TWO,ESVUFR,上櫃,半導體業,2014/09/15
4995,晶達,TPEx,4995.TWO,ESVUFR,上櫃,光電業,2012/05/09
5009,榮剛,TPEx,5009.TWO,ESVUFR,上櫃,鋼鐵工業,1998/10/17
5011,久陽,TPEx,5011.TWO,ESVUFR,上櫃,鋼鐵工業,1999/05/06
5013,強新,TPEx,5013.TWO,ESVUFR,上櫃,鋼鐵工業,2000/05/08
5014,建錩,TPEx,5014.TWO,ESVUFR,上櫃,鋼鐵工業,2001/02/15
5015,華祺,TPEx,5015.TWO,ESVUFR,上櫃,鋼鐵工業,2000/12/15
5016,松和,TPEx,5016.TWO,ESVUFR,上櫃,鋼鐵工業,2001/03/05
5201,凱衛,TPEx,5201.TWO,ESVUFR,上櫃,資訊服務業,2000/10/12
5202,力新,TPEx,5202.TWO,ESVUFR,上櫃,資訊服務業,2000/10/18
5205,中茂,TPEx,5205.TWO,ESVUFR,上櫃,綠能環保,2001/05/14
5206,坤悅,TPEx,5206.TWO,ESVUFR,上櫃,建材營造業,2001/10/08
5209,新鼎,TPEx,5209.TWO,ESVUFR,上櫃,其他業,2002/02/25
5210,寶碩,TPEx,5210.TWO,ESVUFR,上櫃,資訊服務業,2002/04/25
5211,蒙恬,TPEx,5211.TWO,ESVUFR,上櫃,資訊服務業,2002/12/23
5212,凌網,TPEx,5212.TWO,ESVUFR,上櫃,資訊服務業,2003/03/24
5213,亞昕,TPEx,5213.TWO,ESVUFR,上櫃,建材營造業,2003/04/24
5220,萬達光電,TPEx,5220.TWO,ESVUFR,上櫃,光電業,2018/04/26
5223,安力-KY,TPEx,5223.TWO,ESVUFR,上櫃,電腦及週邊設備業,2018/07/02
5227,立凱-KY,TPEx,5227.TWO,ESVUFR,上櫃,電子零組件業,2013/12/09
5228,鈺鎧,TPEx,5228.TWO,ESVUFR,上櫃,電子零組件業,2022/05/20
5230,雷笛克光學,TPEx,5230.TWO,ESVUFR,上櫃,光電業,2012/06/05
5245,智晶,TPEx,5245.TWO,ESVUFR,上櫃,光電業,2015/05/25
5251,天鉞電,TPEx,5251.TWO,ESVUFR,上櫃,光電業,2012/11/26
5263,智崴,TPEx,5263.TWO,ESVUFR,上櫃,文化創意業,2012/12/18
5272,笙科,TPEx,5272.TWO,ESVUFR,上櫃,半導體業,2013/05/30
5274,信驊,TPEx,5274.TWO,ESVUFR,上櫃,半導體業,2013/04/30
5276,達輝-KY,TPEx,5276.TWO,ESVUFR,上櫃,其他業,2014/06/12
5278,尚凡*,TPEx,5278.TWO,ESVUFR,上櫃,數位雲端,2013/06/04
5287,數字,TPEx,5287.TWO,ESVUFR,上櫃,數位雲端,2014/01/20
5289,宜鼎,TPEx,5289.TWO,ESVUFR,上櫃,電腦及週邊設備業,2013/11/27
5291,邑昇,TPEx,5291.TWO,ESVUFR,上櫃,電子零組件業,2014/12/23
5299,杰力,TPEx,5299.TWO,ESVUFR,上櫃,半導體業,2018/01/23
5301,寶得利,TPEx,5301.TWO,ESVUFR,上櫃,觀光餐旅,1990/06/25
5302,太欣,TPEx,5302.TWO,ESVUFR,上櫃,半導體業,1991/01/17
5309,系統電,TPEx,5309.TWO,ESVUFR,上櫃,電子零組件業,1996/03/18
5310,天剛,TPEx,5310.TWO,ESVUFR,上櫃,資訊服務業,1996/04/09
5312,寶島科,TPEx,5312.TWO,ESVUFR,上櫃,生技醫療業,1996/05/25
5314,世紀*,TPEx,5314.TWO,ESVUFR,上櫃,其他業,1996/09/16
5315,光聯,TPEx,5315.TWO,ESVUFR,上櫃,光電業,1996/11/02
5321,美而快,TPEx,5321.TWO,ESVUFR,上櫃,數位雲端,1996/12/30
5324,士開,TPEx,5324.TWO,ESVUFR,上櫃,建材營造業,1997/01/30
5328,華容,TPEx,5328.TWO,ESVUFR,上櫃,電子零組件業,1997/08/28
5340,建榮,TPEx,5340.TWO,ESVUFR,上櫃,電子零組件業,1998/01/20
5344,立衛,TPEx,5344.TWO,ESVUFR,上櫃,半導體業,1998/03/23
5345,馥鴻,TPEx,5345.TWO,ESVUFR,上櫃,其他業,1998/03/23
5347,世界,TPEx,5347.TWO,ESVUFR,上櫃,半導體業,1998/03/25
5348,正能量智能,TPEx,5348.TWO,ESVUFR,上櫃,運動休閒,2025/06/02
5351,鈺創,TPEx,5351.TWO,ESVUFR,上櫃,半導體業,1998/05/15
5353,台林,TPEx,5353.TWO,ESVUFR,上櫃,通信網路業,1998/05/18
5355,佳總,TPEx,5355.TWO,ESVUFR,上櫃,電子零組件業,1998/06/23
5356,協益,TPEx,5356.TWO,ESVUFR,上櫃,電腦及週邊設備業,1998/07/20
5364,力麗店,TPEx,5364.TWO,ESVUFR,上櫃,觀光餐旅,2013/08/26
5381,光譜,TPEx,5381.TWO,ESVUFR,上櫃,電機機械,2026/06/01
5386,青雲,TPEx,5386.TWO,ESVUFR,上櫃,電腦及週邊設備業,1999/05/13
5392,能率,TPEx,5392.TWO,ESVUFR,上櫃,光電業,1999/06/14
5398,慕康生醫,TPEx,5398.TWO,ESVUFR,上櫃,其他業,1999/10/11
5403,中菲,TPEx,5403.TWO,ESVUFR,上櫃,資訊服務業,1999/10/15
5410,國眾,TPEx,5410.TWO,ESVUFR,上櫃,資訊服務業,1999/11/26
5425,台半,TPEx,5425.TWO,ESVUFR,上櫃,半導體業,2000/02/21
5426,振發,TPEx,5426.TWO,ESVUFR,上櫃,電腦及週邊設備業,2000/02/09
5432,新門,TPEx,5432.TWO,ESVUFR,上櫃,綠能環保,2000/03/21
5438,東友,TPEx,5438.TWO,ESVUFR,上櫃,電腦及週邊設備業,2000/06/17
5439,高技,TPEx,5439.TWO,ESVUFR,上櫃,電子零組件業,2000/06/26
5443,均豪,TPEx,5443.TWO,ESVUFR,上櫃,半導體業,1998/02/09
5450,南良,TPEx,5450.TWO,ESVUFR,上櫃,其他業,2020/06/01
5452,佶優,TPEx,5452.TWO,ESVUFR,上櫃,其他電子業,2000/10/02
5455,昇益,TPEx,5455.TWO,ESVUFR,上櫃,建材營造業,2000/10/19
5457,宣德,TPEx,5457.TWO,ESVUFR,上櫃,電子零組件業,2000/09/29
5460,同協,TPEx,5460.TWO,ESVUFR,上櫃,電子零組件業,2000/09/28
5464,霖宏,TPEx,5464.TWO,ESVUFR,上櫃,電子零組件業,2000/11/08
5465,富驊,TPEx,5465.TWO,ESVUFR,上櫃,電腦及週邊設備業,2000/11/08
5468,凱鈺,TPEx,5468.TWO,ESVUFR,上櫃,半導體業,2001/01/17
5474,聰泰,TPEx,5474.TWO,ESVUFR,上櫃,電腦及週邊設備業,2001/03/20
5475,德宏,TPEx,5475.TWO,ESVUFR,上櫃,電子零組件業,2001/01/16
5478,智冠,TPEx,5478.TWO,ESVUFR,上櫃,文化創意業,2001/03/29
5481,新華,TPEx,5481.TWO,ESVUFR,上櫃,其他業,2020/06/01
5483,中美晶,TPEx,5483.TWO,ESVUFR,上櫃,半導體業,2001/03/02
5487,通泰,TPEx,5487.TWO,ESVUFR,上櫃,半導體業,2001/02/20
5488,松普,TPEx,5488.TWO,ESVUFR,上櫃,電子零組件業,2001/03/12
5489,彩富,TPEx,5489.TWO,ESVUFR,上櫃,其他電子業,2001/03/12
5490,同亨,TPEx,5490.TWO,ESVUFR,上櫃,電腦及週邊設備業,2001/05/14
5493,三聯,TPEx,5493.TWO,ESVUFR,上櫃,其他電子業,2001/05/03
5498,凱崴,TPEx,5498.TWO,ESVUFR,上櫃,電子零組件業,2001/03/29
5508,永信建,TPEx,5508.TWO,ESVUFR,上櫃,建材營造業,1998/05/13
5511,德昌,TPEx,5511.TWO,ESVUFR,上櫃,建材營造業,1998/12/09
5512,力麒,TPEx,5512.TWO,ESVUFR,上櫃,建材營造業,1998/12/04
5514,三豐,TPEx,5514.TWO,ESVUFR,上櫃,建材營造業,1998/12/29
5516,雙喜,TPEx,5516.TWO,ESVUFR,上櫃,建材營造業,1999/03/23
5520,力泰,TPEx,5520.TWO,ESVUFR,上櫃,建材營造業,1999/10/27
5523,豐謙,TPEx,5523.TWO,ESVUFR,上櫃,建材營造業,1999/12/27
5529,鉅陞,TPEx,5529.TWO,ESVUFR,上櫃,建材營造業,1996/01/12
5530,龍巖,TPEx,5530.TWO,ESVUFR,上櫃,其他業,2000/10/04
5536,聖暉*,TPEx,5536.TWO,ESVUFR,上櫃,其他電子業,2010/11/10
5543,桓鼎-KY,TPEx,5543.TWO,ESVUFR,上櫃,建材營造業,2016/05/09
5547,久舜,TPEx,5547.TWO,ESVUFR,上櫃,建材營造業,2026/02/03
5548,安倉,TPEx,5548.TWO,ESVUFR,上櫃,建材營造業,2024/03/18
5601,台聯櫃,TPEx,5601.TWO,ESVUFR,上櫃,航運業,1994/11/24
5603,陸海,TPEx,5603.TWO,ESVUFR,上櫃,航運業,1997/01/25
5604,中連,TPEx,5604.TWO,ESVUFR,上櫃,其他業,1997/05/22
5609,中菲行,TPEx,5609.TWO,ESVUFR,上櫃,航運業,2001/10/15
5701,劍湖山,TPEx,5701.TWO,ESVUFR,上櫃,觀光餐旅,1998/03/12
5703,亞都,TPEx,5703.TWO,ESVUFR,上櫃,觀光餐旅,1999/06/15
5704,老爺知,TPEx,5704.TWO,ESVUFR,上櫃,觀光餐旅,1999/12/21
5864,致和證,TPEx,5864.TWO,ESVUFR,上櫃,金融保險業,2018/04/02
5878,台名,TPEx,5878.TWO,ESVUFR,上櫃,金融保險業,2014/10/28
5902,德記,TPEx,5902.TWO,ESVUFR,上櫃,居家生活,1998/02/07
5903,全家,TPEx,5903.TWO,ESVUFR,上櫃,居家生活,2002/02/25
5904,寶雅*,TPEx,5904.TWO,ESVUFR,上櫃,居家生活,2002/09/06
5905,南仁湖,TPEx,5905.TWO,ESVUFR,上櫃,觀光餐旅,2003/06/17
6015,宏遠證,TPEx,6015.TWO,ESVUFR,上櫃,金融保險業,1996/07/25
6016,康和證,TPEx,6016.TWO,ESVUFR,上櫃,金融保險業,1996/12/04
6020,大展證,TPEx,6020.TWO,ESVUFR,上櫃,金融保險業,2003/01/23
6021,美好證,TPEx,6021.TWO,ESVUFR,上櫃,金融保險業,2003/04/21
6023,元大期,TPEx,6023.TWO,ESVUFR,上櫃,金融保險業,2007/11/28
6026,福邦證,TPEx,6026.TWO,ESVUFR,上櫃,金融保險業,2016/01/27
6028,公勝保經,TPEx,6028.TWO,ESVUFR,上櫃,金融保險業,2026/03/30
6101,寬魚國際,TPEx,6101.TWO,ESVUFR,上櫃,文化創意業,2001/03/29
6103,合邦,TPEx,6103.TWO,ESVUFR,上櫃,半導體業,2001/05/07
6104,創惟,TPEx,6104.TWO,ESVUFR,上櫃,半導體業,2001/05/22
6109,亞元,TPEx,6109.TWO,ESVUFR,上櫃,通信網路業,2001/07/26
6111,光聚晶電,TPEx,6111.TWO,ESVUFR,上櫃,文化創意業,2026/03/12
6113,亞矽,TPEx,6113.TWO,ESVUFR,上櫃,電子通路業,2001/08/10
6114,久威,TPEx,6114.TWO,ESVUFR,上櫃,電子零組件業,2001/09/27
6118,建達,TPEx,6118.TWO,ESVUFR,上櫃,電子通路業,2001/10/25
6121,新普,TPEx,6121.TWO,ESVUFR,上櫃,電腦及週邊設備業,2001/11/27
6122,擎邦,TPEx,6122.TWO,ESVUFR,上櫃,電機機械,2000/07/14
6123,上奇,TPEx,6123.TWO,ESVUFR,上櫃,資訊服務業,2002/01/23
6124,業強,TPEx,6124.TWO,ESVUFR,上櫃,電子零組件業,2002/03/19
6125,廣運,TPEx,6125.TWO,ESVUFR,上櫃,電機機械,2026/06/01
6126,信音,TPEx,6126.TWO,ESVUFR,上櫃,電子零組件業,2002/01/18
6127,九豪,TPEx,6127.TWO,ESVUFR,上櫃,電子零組件業,2002/01/10
6129,普誠,TPEx,6129.TWO,ESVUFR,上櫃,半導體業,2001/12/25
6130,上亞科技,TPEx,6130.TWO,ESVUFR,上櫃,生技醫療業,2002/03/26
6134,萬旭,TPEx,6134.TWO,ESVUFR,上櫃,電子零組件業,2002/01/08
6138,茂達,TPEx,6138.TWO,ESVUFR,上櫃,半導體業,2002/01/18
6140,訊達,TPEx,6140.TWO,ESVUFR,上櫃,資訊服務業,2002/02/04
6143,振曜,TPEx,6143.TWO,ESVUFR,上櫃,通信網路業,2002/01/28
6144,得利影,TPEx,6144.TWO,ESVUFR,上櫃,文化創意業,2002/01/23
6146,耕興,TPEx,6146.TWO,ESVUFR,上櫃,其他電子業,2002/01/23
6147,頎邦,TPEx,6147.TWO,ESVUFR,上櫃,半導體業,2002/01/31
6148,驊宏資,TPEx,6148.TWO,ESVUFR,上櫃,資訊服務業,2002/02/01
6150,撼訊,TPEx,6150.TWO,ESVUFR,上櫃,電腦及週邊設備業,2002/03/11
6151,晉倫,TPEx,6151.TWO,ESVUFR,上櫃,其他電子業,2002/02/25
6154,順發,TPEx,6154.TWO,ESVUFR,上櫃,電子通路業,2002/02/18
6156,松上,TPEx,6156.TWO,ESVUFR,上櫃,電子零組件業,2002/02/19
6158,禾昌,TPEx,6158.TWO,ESVUFR,上櫃,電子零組件業,2002/02/19
6160,欣技,TPEx,6160.TWO,ESVUFR,上櫃,電腦及週邊設備業,2002/03/01
6161,捷波,TPEx,6161.TWO,ESVUFR,上櫃,電腦及週邊設備業,2002/03/01
6163,華電網,TPEx,6163.TWO,ESVUFR,上櫃,資訊服務業,2002/03/19
6167,久正,TPEx,6167.TWO,ESVUFR,上櫃,光電業,2002/03/26
6169,昱泉,TPEx,6169.TWO,ESVUFR,上櫃,文化創意業,2002/03/22
6170,統振,TPEx,6170.TWO,ESVUFR,上櫃,通信網路業,2002/04/16
6171,大城地產,TPEx,6171.TWO,ESVUFR,上櫃,建材營造業,2002/04/22
6173,信昌電,TPEx,6173.TWO,ESVUFR,上櫃,電子零組件業,2002/04/19
6174,安碁,TPEx,6174.TWO,ESVUFR,上櫃,電子零組件業,2002/05/02
6175,立敦,TPEx,6175.TWO,ESVUFR,上櫃,電子零組件業,2002/06/10
6179,亞通,TPEx,6179.TWO,ESVUFR,上櫃,其他業,2002/05/17
6180,橘子,TPEx,6180.TWO,ESVUFR,上櫃,文化創意業,2002/05/21
6182,合晶,TPEx,6182.TWO,ESVUFR,上櫃,半導體業,2002/05/16
6185,幃翔,TPEx,6185.TWO,ESVUFR,上櫃,電子零組件業,2002/08/09
6186,新潤,TPEx,6186.TWO,ESVUFR,上櫃,建材營造業,2002/08/02
6187,萬潤,TPEx,6187.TWO,ESVUFR,上櫃,半導體業,2002/09/27
6188,廣明,TPEx,6188.TWO,ESVUFR,上櫃,電腦及週邊設備業,2002/08/27
6190,萬泰科,TPEx,6190.TWO,ESVUFR,上櫃,通信網路業,1998/02/04
6194,育富,TPEx,6194.TWO,ESVUFR,上櫃,電子零組件業,2002/12/05
6195,詩肯,TPEx,6195.TWO,ESVUFR,上櫃,居家生活,2002/10/21
6198,瑞築,TPEx,6198.TWO,ESVUFR,上櫃,建材營造業,2002/12/26
6199,天品,TPEx,6199.TWO,ESVUFR,上櫃,其他業,2016/10/07
6203,海韻電,TPEx,6203.TWO,ESVUFR,上櫃,電子零組件業,2002/12/26
6204,艾華,TPEx,6204.TWO,ESVUFR,上櫃,電子零組件業,2002/11/13
6207,雷科,TPEx,6207.TWO,ESVUFR,上櫃,電子零組件業,2002/12/23
6208,日揚,TPEx,6208.TWO,ESVUFR,上櫃,半導體業,2002/12/23
6210,慶生,TPEx,6210.TWO,ESVUFR,上櫃,電子零組件業,2003/02/14
6212,理銘,TPEx,6212.TWO,ESVUFR,上櫃,建材營造業,2002/12/26
6217,中探針,TPEx,6217.TWO,ESVUFR,上櫃,電子零組件業,2003/01/09
6218,豪勉,TPEx,6218.TWO,ESVUFR,上櫃,通信網路業,2003/01/14
6219,富旺,TPEx,6219.TWO,ESVUFR,上櫃,建材營造業,2003/02/26
6220,岳豐,TPEx,6220.TWO,ESVUFR,上櫃,電子零組件業,2003/01/09
6221,晉泰,TPEx,6221.TWO,ESVUFR,上櫃,資訊服務業,2003/01/06
6222,立軒,TPEx,6222.TWO,ESVUFR,上櫃,光電業,2003/01/09
6223,旺矽,TPEx,6223.TWO,ESVUFR,上櫃,半導體業,2003/01/06
6227,茂綸,TPEx,6227.TWO,ESVUFR,上櫃,電子通路業,2003/01/14
6228,全譜,TPEx,6228.TWO,ESVUFR,上櫃,電腦及週邊設備業,2003/01/21
6229,研通,TPEx,6229.TWO,ESVUFR,上櫃,半導體業,2003/01/14
6231,系微,TPEx,6231.TWO,ESVUFR,上櫃,資訊服務業,2003/01/23
6233,旺玖,TPEx,6233.TWO,ESVUFR,上櫃,半導體業,2003/02/20
6234,高僑,TPEx,6234.TWO,ESVUFR,上櫃,光電業,2003/03/12
6236,中湛,TPEx,6236.TWO,ESVUFR,上櫃,數位雲端,2003/03/31
6237,驊訊,TPEx,6237.TWO,ESVUFR,上櫃,半導體業,2003/04/21
6240,松崗,TPEx,6240.TWO,ESVUFR,上櫃,資訊服務業,2003/05/30
6241,鑫永洋,TPEx,6241.TWO,ESVUFR,上櫃,通信網路業,2003/04/08
6242,立康,TPEx,6242.TWO,ESVUFR,上櫃,生技醫療業,2003/04/23
6244,茂迪,TPEx,6244.TWO,ESVUFR,上櫃,光電業,2003/05/15
6245,立端,TPEx,6245.TWO,ESVUFR,上櫃,通信網路業,2003/05/19
6246,臺龍,TPEx,6246.TWO,ESVUFR,上櫃,光電業,2003/06/18
6248,沛波,TPEx,6248.TWO,ESVUFR,上櫃,鋼鐵工業,2003/09/03
6259,百徽,TPEx,6259.TWO,ESVUFR,上櫃,電子零組件業,2003/09/17
6261,久元,TPEx,6261.TWO,ESVUFR,上櫃,半導體業,2004/03/29
6263,普萊德,TPEx,6263.TWO,ESVUFR,上櫃,通信網路業,2003/09/17
6264,富裔,TPEx,6264.TWO,ESVUFR,上櫃,建材營造業,2004/02/24
6265,方土昶,TPEx,6265.TWO,ESVUFR,上櫃,電子通路業,2003/10/24
6266,泰詠,TPEx,6266.TWO,ESVUFR,上櫃,電子零組件業,2004/04/29
6270,倍微,TPEx,6270.TWO,ESVUFR,上櫃,電子通路業,2003/09/17
6274,台燿,TPEx,6274.TWO,ESVUFR,上櫃,電子零組件業,2003/12/18
6275,元山,TPEx,6275.TWO,ESVUFR,上櫃,電子零組件業,2004/12/23
6276,安鈦克,TPEx,6276.TWO,ESVUFR,上櫃,電腦及週邊設備業,2003/10/30
6279,胡連,TPEx,6279.TWO,ESVUFR,上櫃,電子零組件業,2003/11/26
6284,佳邦,TPEx,6284.TWO,ESVUFR,上櫃,電子零組件業,2004/06/29
6290,良維,TPEx,6290.TWO,ESVUFR,上櫃,電子零組件業,2005/06/03
6291,沛亨,TPEx,6291.TWO,ESVUFR,上櫃,半導體業,2004/01/28
6292,迅德,TPEx,6292.TWO,ESVUFR,上櫃,電子零組件業,2003/11/26
6294,智基,TPEx,6294.TWO,ESVUFR,上櫃,文化創意業,2004/01/13
6411,晶焱,TPEx,6411.TWO,ESVUFR,上櫃,半導體業,2014/03/11
6417,韋僑,TPEx,6417.TWO,ESVUFR,上櫃,通信網路業,2015/10/08
6418,詠昇,TPEx,6418.TWO,ESVUFR,上櫃,電子零組件業,2019/02/18
6419,京晨科,TPEx,6419.TWO,ESVUFR,上櫃,光電業,2014/12/29
6423,億而得,TPEx,6423.TWO,ESVUFR,上櫃,半導體業,2026/01/22
6425,易發,TPEx,6425.TWO,ESVUFR,上櫃,電機機械,2019/01/18
6432,今展科,TPEx,6432.TWO,ESVUFR,上櫃,電子零組件業,2015/05/20
6435,大中,TPEx,6435.TWO,ESVUFR,上櫃,半導體業,2016/01/07
6441,廣錠,TPEx,6441.TWO,ESVUFR,上櫃,電腦及週邊設備業,2017/09/27
6461,益得,TPEx,6461.TWO,ESVUFR,上櫃,生技醫療業,2018/03/28
6462,神盾,TPEx,6462.TWO,ESVUFR,上櫃,半導體業,2015/12/23
6465,威潤,TPEx,6465.TWO,ESVUFR,上櫃,通信網路業,2015/11/20
6469,大樹,TPEx,6469.TWO,ESVUFR,上櫃,生技醫療業,2016/03/30
6470,宇智,TPEx,6470.TWO,ESVUFR,上櫃,通信網路業,2015/11/03
6474,華豫寧,TPEx,6474.TWO,ESVUFR,上櫃,電子通路業,2025/11/25
6482,弘煜科,TPEx,6482.TWO,ESVUFR,上櫃,文化創意業,2016/06/13
6485,點序,TPEx,6485.TWO,ESVUFR,上櫃,半導體業,2015/11/17
6486,互動,TPEx,6486.TWO,ESVUFR,上櫃,通信網路業,2016/09/13
6488,環球晶,TPEx,6488.TWO,ESVUFR,上櫃,半導體業,2015/09/25
6492,生華科,TPEx,6492.TWO,ESVUFR,上櫃,生技醫療業,2017/04/24
6494,九齊,TPEx,6494.TWO,ESVUFR,上櫃,半導體業,2016/05/09
6496,科懋,TPEx,6496.TWO,ESVUFR,上櫃,生技醫療業,2016/01/07
6498,久禾光,TPEx,6498.TWO,ESVUFR,上櫃,光電業,2025/05/20
6499,益安,TPEx,6499.TWO,ESVUFR,上櫃,生技醫療業,2016/07/27
6506,雙邦,TPEx,6506.TWO,ESVUFR,上櫃,紡織纖維,2011/05/03
6508,惠光,TPEx,6508.TWO,ESVUFR,上櫃,農業科技業,2004/03/22
6509,聚和,TPEx,6509.TWO,ESVUFR,上櫃,化學工業,2004/04/12
6510,精測,TPEx,6510.TWO,ESVUFR,上櫃,半導體業,2016/03/24
6512,啟發電,TPEx,6512.TWO,ESVUFR,上櫃,其他電子業,2016/03/25
6516,勤崴國際,TPEx,6516.TWO,ESVUFR,上櫃,資訊服務業,2019/05/06
6517,保勝光學,TPEx,6517.TWO,ESVUFR,上櫃,光電業,2022/12/15
6523,達爾膚,TPEx,6523.TWO,ESVUFR,上櫃,生技醫療業,2016/06/16
6527,明達醫,TPEx,6527.TWO,ESVUFR,上櫃,生技醫療業,2019/12/25
6530,創威,TPEx,6530.TWO,ESVUFR,上櫃,通信網路業,2018/01/23
6532,瑞耘,TPEx,6532.TWO,ESVUFR,上櫃,半導體業,2016/09/26
6535,順藥,TPEx,6535.TWO,ESVUFR,上櫃,生技醫療業,2016/09/26
6538,倉和,TPEx,6538.TWO,ESVUFR,上櫃,電子零組件業,2016/10/21
6542,隆中,TPEx,6542.TWO,ESVUFR,上櫃,文化創意業,2016/09/08
6546,正基,TPEx,6546.TWO,ESVUFR,上櫃,通信網路業,2022/05/24
6547,高端疫苗,TPEx,6547.TWO,ESVUFR,上櫃,生技醫療業,2018/04/17
6548,長科*,TPEx,6548.TWO,ESVUFR,上櫃,半導體業,2016/09/13
6556,勝品,TPEx,6556.TWO,ESVUFR,上櫃,光電業,2017/10/31
6560,欣普羅,TPEx,6560.TWO,ESVUFR,上櫃,光電業,2017/01/24
6561,是方,TPEx,6561.TWO,ESVUFR,上櫃,通信網路業,2018/06/05
6568,宏觀,TPEx,6568.TWO,ESVUFR,上櫃,半導體業,2016/12/28
6569,醫揚,TPEx,6569.TWO,ESVUFR,上櫃,生技醫療業,2016/12/21
6570,維田,TPEx,6570.TWO,ESVUFR,上櫃,電腦及週邊設備業,2017/12/11
6574,霈方,TPEx,6574.TWO,ESVUFR,上櫃,生技醫療業,2017/09/04
6576,逸達,TPEx,6576.TWO,ESVUFR,上櫃,生技醫療業,2018/06/29
6577,勁豐,TPEx,6577.TWO,ESVUFR,上櫃,電腦及週邊設備業,2017/03/21
6578,達邦蛋白,TPEx,6578.TWO,ESVUFR,上櫃,農業科技業,2018/09/18
6584,南俊國際,TPEx,6584.TWO,ESVUFR,上櫃,電子零組件業,2023/05/18
6588,東典光電,TPEx,6588.TWO,ESVUFR,上櫃,通信網路業,2020/07/01
6590,普鴻,TPEx,6590.TWO,ESVUFR,上櫃,資訊服務業,2018/12/24
6593,台灣銘板,TPEx,6593.TWO,ESVUFR,上櫃,資訊服務業,2017/11/03
6596,寬宏藝術,TPEx,6596.TWO,ESVUFR,上櫃,文化創意業,2018/01/04
6597,立誠,TPEx,6597.TWO,ESVUFR,上櫃,電子零組件業,2025/05/08
6603,富強鑫,TPEx,6603.TWO,ESVUFR,上櫃,電機機械,2004/04/05
6609,瀧澤科,TPEx,6609.TWO,ESVUFR,上櫃,電機機械,2003/09/23
6612,奈米醫材,TPEx,6612.TWO,ESVUFR,上櫃,生技醫療業,2018/07/18
6613,朋億*,TPEx,6613.TWO,ESVUFR,上櫃,其他電子業,2017/12/28
6615,慧智,TPEx,6615.TWO,ESVUFR,上櫃,生技醫療業,2018/01/22
6616,特昇-KY,TPEx,6616.TWO,ESVUFR,上櫃,居家生活,2018/01/10
6617,共信-KY,TPEx,6617.TWO,ESVUFR,上櫃,生技醫療業,2024/06/18
6620,漢達,TPEx,6620.TWO,ESVUFR,上櫃,生技醫療業,2025/12/23
6624,萬年清,TPEx,6624.TWO,ESVUFR,上櫃,綠能環保,2019/05/28
6629,泰金-KY,TPEx,6629.TWO,ESVUFR,上櫃,居家生活,2019/06/06
6637,醫影,TPEx,6637.TWO,ESVUFR,上櫃,生技醫療業,2024/06/18
6640,均華,TPEx,6640.TWO,ESVUFR,上櫃,半導體業,2018/10/23
6642,富致,TPEx,6642.TWO,ESVUFR,上櫃,電子零組件業,2019/09/23
6643,M31,TPEx,6643.TWO,ESVUFR,上櫃,半導體業,2019/01/23
6649,台生材,TPEx,6649.TWO,ESVUFR,上櫃,生技醫療業,2019/06/05
6651,全宇昕,TPEx,6651.TWO,ESVUFR,上櫃,半導體業,2021/02/01
6654,天正國際,TPEx,6654.TWO,ESVUFR,上櫃,其他電子業,2018/10/23
6661,威健生技,TPEx,6661.TWO,ESVUFR,上櫃,生技醫療業,2021/01/27
6662,樂斯科,TPEx,6662.TWO,ESVUFR,上櫃,生技醫療業,2019/03/26
6664,群翊,TPEx,6664.TWO,ESVUFR,上櫃,電子零組件業,2018/09/12
6667,信紘科,TPEx,6667.TWO,ESVUFR,上櫃,其他電子業,2018/11/13
6679,鈺太,TPEx,6679.TWO,ESVUFR,上櫃,半導體業,2019/05/09
6680,鑫創電子,TPEx,6680.TWO,ESVUFR,上櫃,電腦及週邊設備業,2019/09/16
6683,雍智科技,TPEx,6683.TWO,ESVUFR,上櫃,半導體業,2019/04/23
6684,安格,TPEx,6684.TWO,ESVUFR,上櫃,半導體業,2021/08/11
6690,安碁資訊,TPEx,6690.TWO,ESVUFR,上櫃,數位雲端,2019/10/30
6692,進能服,TPEx,6692.TWO,ESVUFR,上櫃,綠能環保,2024/02/02
6693,廣閎科,TPEx,6693.TWO,ESVUFR,上櫃,半導體業,2022/03/01
6697,東捷資訊,TPEx,6697.TWO,ESVUFR,上櫃,資訊服務業,2019/12/26
6703,軒郁,TPEx,6703.TWO,ESVUFR,上櫃,生技醫療業,2020/10/20
6708,天擎,TPEx,6708.TWO,ESVUFR,上櫃,半導體業,2022/12/29
6712,長聖,TPEx,6712.TWO,ESVUFR,上櫃,生技醫療業,2021/01/08
6716,應廣,TPEx,6716.TWO,ESVUFR,上櫃,半導體業,2020/03/27
6720,久昌,TPEx,6720.TWO,ESVUFR,上櫃,半導體業,2024/12/04
6721,信實,TPEx,6721.TWO,ESVUFR,上櫃,其他業,2022/04/29
6725,矽科宏晟,TPEx,6725.TWO,ESVUFR,上櫃,其他電子業,2025/12/30
6727,亞泰金屬,TPEx,6727.TWO,ESVUFR,上櫃,電子零組件業,2020/12/01
6728,上洋,TPEx,6728.TWO,ESVUFR,上櫃,居家生活,2020/12/25
6730,常廣,TPEx,6730.TWO,ESVUFR,上櫃,生技醫療業,2025/12/10
6732,昇佳電子,TPEx,6732.TWO,ESVUFR,上櫃,半導體業,2020/06/08
6733,博晟生醫,TPEx,6733.TWO,ESVUFR,上櫃,生技醫療業,2021/01/28
6735,美達科技,TPEx,6735.TWO,ESVUFR,上櫃,其他電子業,2022/04/29
6739,竹陞科技,TPEx,6739.TWO,ESVUFR,上櫃,其他電子業,2024/09/02
6741,91APP*-KY,TPEx,6741.TWO,ESVUFR,上櫃,數位雲端,2021/05/25
6751,智聯服務,TPEx,6751.TWO,ESVUFR,上櫃,資訊服務業,2020/12/25
6752,叡揚,TPEx,6752.TWO,ESVUFR,上櫃,資訊服務業,2020/12/10
6761,穩得,TPEx,6761.TWO,ESVUFR,上櫃,電子零組件業,2021/11/08
6762,達亞,TPEx,6762.TWO,ESVUFR,上櫃,生技醫療業,2020/12/18
6763,綠界科技*,TPEx,6763.TWO,ESVUFR,上櫃,數位雲端,2022/03/15
6767,台微醫,TPEx,6767.TWO,ESVUFR,上櫃,生技醫療業,2021/01/25
6785,昱展新藥,TPEx,6785.TWO,ESVUFR,上櫃,生技醫療業,2024/01/24
6788,華景電,TPEx,6788.TWO,ESVUFR,上櫃,半導體業,2021/09/29
6791,虎門科技,TPEx,6791.TWO,ESVUFR,上櫃,資訊服務業,2022/11/14
6803,崑鼎,TPEx,6803.TWO,ESVUFR,上櫃,綠能環保,2010/05/27
6804,明係,TPEx,6804.TWO,ESVUFR,上櫃,運動休閒,2022/03/31
6811,宏碁資訊,TPEx,6811.TWO,ESVUFR,上櫃,數位雲端,2022/08/09
6821,聯寶,TPEx,6821.TWO,ESVUFR,上櫃,電子零組件業,2023/05/22
6823,濾能,TPEx,6823.TWO,ESVUFR,上櫃,半導體業,2022/06/30
6829,千附精密,TPEx,6829.TWO,ESVUFR,上櫃,半導體業,2022/03/11
6840,東研信超,TPEx,6840.TWO,ESVUFR,上櫃,其他電子業,2023/03/24
6841,長佳智能,TPEx,6841.TWO,ESVUFR,上櫃,生技醫療業,2023/03/01
6843,進典,TPEx,6843.TWO,ESVUFR,上櫃,電機機械,2022/11/21
6844,諾貝兒,TPEx,6844.TWO,ESVUFR,上櫃,生技醫療業,2024/03/08
6846,綠茵,TPEx,6846.TWO,ESVUFR,上櫃,食品工業,2023/05/15
6855,數泓科,TPEx,6855.TWO,ESVUFR,上櫃,其他電子業,2022/10/06
6856,鑫傳,TPEx,6856.TWO,ESVUFR,上櫃,文化創意業,2023/10/27
6859,伯特光,TPEx,6859.TWO,ESVUFR,上櫃,光電業,2022/11/28
6865,偉康科技,TPEx,6865.TWO,ESVUFR,上櫃,數位雲端,2023/01/11
6870,騰雲,TPEx,6870.TWO,ESVUFR,上櫃,數位雲端,2023/09/14
6872,浩宇生醫,TPEx,6872.TWO,ESVUFR,上櫃,生技醫療業,2025/03/07
6874,倍力,TPEx,6874.TWO,ESVUFR,上櫃,資訊服務業,2022/12/14
6875,國邑*,TPEx,6875.TWO,ESVUFR,上櫃,生技醫療業,2024/03/26
6877,鏵友益,TPEx,6877.TWO,ESVUFR,上櫃,其他電子業,2023/06/16
6881,潤德,TPEx,6881.TWO,ESVUFR,上櫃,其他業,2024/05/21
6884,海柏特,TPEx,6884.TWO,ESVUFR,上櫃,資訊服務業,2025/12/17
6894,衛司特,TPEx,6894.TWO,ESVUFR,上櫃,綠能環保,2023/11/29
6895,宏碩系統,TPEx,6895.TWO,ESVUFR,上櫃,半導體業,2023/08/22
6899,創為精密,TPEx,6899.TWO,ESVUFR,上櫃,光電業,2024/04/08
6903,巨漢,TPEx,6903.TWO,ESVUFR,上櫃,其他電子業,2024/06/12
6904,伯鑫,TPEx,6904.TWO,ESVUFR,上櫃,其他業,2023/12/05
6907,雅特力-KY,TPEx,6907.TWO,ESVUFR,上櫃,半導體業,2026/01/29
6910,德鴻,TPEx,6910.TWO,ESVUFR,上櫃,數位雲端,2025/12/11
6913,鴻呈,TPEx,6913.TWO,ESVUFR,上櫃,電子零組件業,2024/10/01
6922,宸曜,TPEx,6922.TWO,ESVUFR,上櫃,電腦及週邊設備業,2023/11/09
6925,意藍,TPEx,6925.TWO,ESVUFR,上櫃,數位雲端,2025/05/28
6929,佑全,TPEx,6929.TWO,ESVUFR,上櫃,生技醫療業,2024/03/28
6945,圓祥生技,TPEx,6945.TWO,ESVUFR,上櫃,生技醫療業,2026/06/05
6953,家碩,TPEx,6953.TWO,ESVUFR,上櫃,半導體業,2024/05/13
6961,旅天下,TPEx,6961.TWO,ESVUFR,上櫃,觀光餐旅,2026/01/22
6967,汎瑋材料,TPEx,6967.TWO,ESVUFR,上櫃,電子零組件業,2024/09/25
6968,萬達寵物,TPEx,6968.TWO,ESVUFR,上櫃,居家生活,2024/08/14
6971,惠民實業,TPEx,6971.TWO,ESVUFR,上櫃,綠能環保,2025/10/02
6982,大井泵浦,TPEx,6982.TWO,ESVUFR,上櫃,電機機械,2024/12/18
6983,華洋精機,TPEx,6983.TWO,ESVUFR,上櫃,其他電子業,2026/05/25
6986,和迅,TPEx,6986.TWO,ESVUFR,上櫃,生技醫療業,2026/06/26
6996,力領科技,TPEx,6996.TWO,ESVUFR,上櫃,半導體業,2024/12/10
6997,博弘,TPEx,6997.TWO,ESVUFR,上櫃,數位雲端,2024/12/16
7402,邑錡,TPEx,7402.TWO,ESVUFR,上櫃,光電業,2015/12/29
7547,碩網,TPEx,7547.TWO,ESVUFR,上櫃,數位雲端,2025/07/29
7556,意德士,TPEx,7556.TWO,ESVUFR,上櫃,半導體業,2020/10/30
7584,樂意,TPEx,7584.TWO,ESVUFR,上櫃,文化創意業,2024/07/25
7642,昶瑞機電,TPEx,7642.TWO,ESVUFR,上櫃,電機機械,2025/05/22
7703,銳澤,TPEx,7703.TWO,ESVUFR,上櫃,其他電子業,2024/11/13
7704,明遠精密,TPEx,7704.TWO,ESVUFR,上櫃,半導體業,2024/12/16
7708,全家餐飲,TPEx,7708.TWO,ESVUFR,上櫃,觀光餐旅,2024/11/15
7709,榮田,TPEx,7709.TWO,ESVUFR,上櫃,電機機械,2025/02/25
7712,博盛半導體,TPEx,7712.TWO,ESVUFR,上櫃,半導體業,2024/12/26
7713,威力德生醫,TPEx,7713.TWO,ESVUFR,上櫃,生技醫療業,2025/02/24
7714,創泓科技,TPEx,7714.TWO,ESVUFR,上櫃,數位雲端,2025/01/15
7715,裕山,TPEx,7715.TWO,ESVUFR,上櫃,綠能環保,2025/01/15
7716,昱臺國際,TPEx,7716.TWO,ESVUFR,上櫃,航運業,2025/10/28
7717,萊德光電-KY,TPEx,7717.TWO,ESVUFR,上櫃,通信網路業,2025/11/17
7718,友鋮,TPEx,7718.TWO,ESVUFR,上櫃,電機機械,2025/03/18
7723,築間,TPEx,7723.TWO,ESVUFR,上櫃,觀光餐旅,2025/04/30
7728,光焱科技,TPEx,7728.TWO,ESVUFR,上櫃,其他電子業,2025/03/06
7734,印能科技,TPEx,7734.TWO,ESVUFR,上櫃,半導體業,2025/02/26
7738,東聯互動,TPEx,7738.TWO,ESVUFR,上櫃,數位雲端,2025/10/16
7743,金利食安,TPEx,7743.TWO,ESVUFR,上櫃,食品工業,2025/05/20
7744,崴寶,TPEx,7744.TWO,ESVUFR,上櫃,電子零組件業,2025/11/27
7747,昕奇雲端,TPEx,7747.TWO,ESVUFR,上櫃,數位雲端,2025/07/11
7751,竑騰,TPEx,7751.TWO,ESVUFR,上櫃,半導體業,2025/08/26
7753,星亞,TPEx,7753.TWO,ESVUFR,上櫃,光電業,2025/08/11
7757,金色三麥,TPEx,7757.TWO,ESVUFR,上櫃,觀光餐旅,2025/10/20
7767,仁大資訊,TPEx,7767.TWO,ESVUFR,上櫃,資訊服務業,2025/12/10
7770,君曜,TPEx,7770.TWO,ESVUFR,上櫃,半導體業,2025/12/10
7772,耀穎,TPEx,7772.TWO,ESVUFR,上櫃,半導體業,2026/05/08
7777,能率亞洲,TPEx,7777.TWO,ESVUFR,上櫃,其他業,2025/12/22
7782,光速火箭,TPEx,7782.TWO,ESVUFR,上櫃,居家生活,2025/10/28
7792,安葆,TPEx,7792.TWO,ESVUFR,上櫃,其他電子業,2026/01/28
7794,宏碁智新,TPEx,7794.TWO,ESVUFR,上櫃,居家生活,2026/04/20
7805,威聯通,TPEx,7805.TWO,ESVUFR,上櫃,數位雲端,2025/12/22
7810,捷創科技,TPEx,7810.TWO,ESVUFR,上櫃,半導體業,2025/12/23
7811,民盛,TPEx,7811.TWO,ESVUFR,上櫃,運動休閒,2026/03/25
7814,海昌生技,TPEx,7814.TWO,ESVUFR,上櫃,生技醫療業,2026/07/16
7819,精誠金融,TPEx,7819.TWO,ESVUFR,上櫃,資訊服務業,2026/05/27
7820,立盈,TPEx,7820.TWO,ESVUFR,上櫃,綠能環保,2026/04/27
7828,創新服務,TPEx,7828.TWO,ESVUFR,上櫃,半導體業,2026/04/22
7839,達人網,TPEx,7839.TWO,ESVUFR,上櫃,數位雲端,2026/06/15
7842,天能綠電,TPEx,7842.TWO,ESVUFR,上櫃,綠能環保,2026/05/11
8024,佑華,TPEx,8024.TWO,ESVUFR,上櫃,半導體業,2006/09/25
8027,鈦昇,TPEx,8027.TWO,ESVUFR,上櫃,電機機械,2015/06/09
8032,光菱,TPEx,8032.TWO,ESVUFR,上櫃,電子通路業,2003/10/02
8034,榮群,TPEx,8034.TWO,ESVUFR,上櫃,通信網路業,2004/05/06
8038,長園科,TPEx,8038.TWO,ESVUFR,上櫃,電子零組件業,2013/11/21
8040,九暘,TPEx,8040.TWO,ESVUFR,上櫃,半導體業,2007/04/30
8042,金山電,TPEx,8042.TWO,ESVUFR,上櫃,電子零組件業,2004/03/22
8043,蜜望實,TPEx,8043.TWO,ESVUFR,上櫃,電子零組件業,2003/10/24
8044,網家,TPEx,8044.TWO,ESVUFR,上櫃,數位雲端,2005/01/24
8047,星雲,TPEx,8047.TWO,ESVUFR,上櫃,其他電子業,2004/02/09
8048,德勝,TPEx,8048.TWO,ESVUFR,上櫃,通信網路業,2009/09/08
8049,晶采,TPEx,8049.TWO,ESVUFR,上櫃,光電業,2004/02/02
8050,廣積,TPEx,8050.TWO,ESVUFR,上櫃,電腦及週邊設備業,2003/10/24
8054,安國,TPEx,8054.TWO,ESVUFR,上櫃,半導體業,2004/11/08
8059,凱碩,TPEx,8059.TWO,ESVUFR,上櫃,通信網路業,2010/03/16
8064,東捷,TPEx,8064.TWO,ESVUFR,上櫃,光電業,2006/09/25
8066,來思達,TPEx,8066.TWO,ESVUFR,上櫃,居家生活,2004/12/24
8067,志旭,TPEx,8067.TWO,ESVUFR,上櫃,電子通路業,2004/04/23
8068,全達,TPEx,8068.TWO,ESVUFR,上櫃,電子通路業,2004/03/25
8069,元太,TPEx,8069.TWO,ESVUFR,上櫃,光電業,2004/03/30
8071,能率網通,TPEx,8071.TWO,ESVUFR,上櫃,電子零組件業,2003/12/29
8074,鉅橡,TPEx,8074.TWO,ESVUFR,上櫃,電子零組件業,2004/01/27
8076,伍豐,TPEx,8076.TWO,ESVUFR,上櫃,電腦及週邊設備業,2003/12/15
8077,洛碁,TPEx,8077.TWO,ESVUFR,上櫃,觀光餐旅,2004/12/06
8080,泰霖,TPEx,8080.TWO,ESVUFR,上櫃,建材營造業,2021/04/07
8083,瑞穎,TPEx,8083.TWO,ESVUFR,上櫃,電機機械,2004/09/23
8084,巨虹,TPEx,8084.TWO,ESVUFR,上櫃,電子通路業,2004/03/08
8085,福華,TPEx,8085.TWO,ESVUFR,上櫃,其他電子業,2004/03/01
8086,宏捷科,TPEx,8086.TWO,ESVUFR,上櫃,半導體業,2009/06/01
8087,麗升能源,TPEx,8087.TWO,ESVUFR,上櫃,綠能環保,2004/02/25
8088,品安,TPEx,8088.TWO,ESVUFR,上櫃,半導體業,2004/02/27
8089,康全電訊,TPEx,8089.TWO,ESVUFR,上櫃,通信網路業,2020/09/23
8091,翔名,TPEx,8091.TWO,ESVUFR,上櫃,半導體業,2004/06/24
8092,建暐,TPEx,8092.TWO,ESVUFR,上櫃,其他電子業,2004/02/02
8093,保銳,TPEx,8093.TWO,ESVUFR,上櫃,電子零組件業,2004/12/31
8096,擎亞,TPEx,8096.TWO,ESVUFR,上櫃,電子通路業,2004/07/15
8097,常珵,TPEx,8097.TWO,ESVUFR,上櫃,通信網路業,2004/03/01
8099,大世科,TPEx,8099.TWO,ESVUFR,上櫃,資訊服務業,2004/03/29
8102,傑霖科技,TPEx,8102.TWO,ESVUFR,上櫃,半導體業,2025/12/22
8107,大億金茂,TPEx,8107.TWO,ESVUFR,上櫃,電機機械,2005/11/15
8109,博大,TPEx,8109.TWO,ESVUFR,上櫃,電子零組件業,2005/03/22
8111,立碁,TPEx,8111.TWO,ESVUFR,上櫃,光電業,2004/02/09
8121,越峰,TPEx,8121.TWO,ESVUFR,上櫃,電子零組件業,2005/02/17
8147,正淩,TPEx,8147.TWO,ESVUFR,上櫃,電子零組件業,2013/04/30
8155,博智,TPEx,8155.TWO,ESVUFR,上櫃,電子零組件業,2012/12/18
8171,天宇,TPEx,8171.TWO,ESVUFR,上櫃,綠能環保,2011/12/19
8176,智捷,TPEx,8176.TWO,ESVUFR,上櫃,通信網路業,2013/06/25
8182,加高,TPEx,8182.TWO,ESVUFR,上櫃,電子零組件業,2006/05/25
8183,精星,TPEx,8183.TWO,ESVUFR,上櫃,其他電子業,2005/03/30
8227,巨有科技,TPEx,8227.TWO,ESVUFR,上櫃,半導體業,2022/12/20
8234,新漢,TPEx,8234.TWO,ESVUFR,上櫃,電腦及週邊設備業,2007/06/07
8240,華宏,TPEx,8240.TWO,ESVUFR,上櫃,光電業,2005/06/23
8255,朋程,TPEx,8255.TWO,ESVUFR,上櫃,電機機械,2006/04/25
8272,全景軟體,TPEx,8272.TWO,ESVUFR,上櫃,資訊服務業,2024/10/23
8277,商丞,TPEx,8277.TWO,ESVUFR,上櫃,半導體業,2004/12/27
8279,生展,TPEx,8279.TWO,ESVUFR,上櫃,生技醫療業,2016/09/26
8284,三竹,TPEx,8284.TWO,ESVUFR,上櫃,資訊服務業,2020/05/18
8289,泰藝,TPEx,8289.TWO,ESVUFR,上櫃,電子零組件業,2008/04/24
8291,尚茂,TPEx,8291.TWO,ESVUFR,上櫃,電子零組件業,2011/11/29
8299,群聯,TPEx,8299.TWO,ESVUFR,上櫃,半導體業,2004/12/06
8342,益張,TPEx,8342.TWO,ESVUFR,上櫃,其他業,2017/11/23
8349,恒耀,TPEx,8349.TWO,ESVUFR,上櫃,鋼鐵工業,2006/03/10
8354,冠好,TPEx,8354.TWO,ESVUFR,上櫃,其他業,2004/04/15
8358,金居,TPEx,8358.TWO,ESVUFR,上櫃,電子零組件業,2010/09/27
8383,千附,TPEx,8383.TWO,ESVUFR,上櫃,半導體業,2004/09/10
8390,金益鼎,TPEx,8390.TWO,ESVUFR,上櫃,綠能環保,2008/05/21
8401,白紗科,TPEx,8401.TWO,ESVUFR,上櫃,其他業,2010/03/29
8403,盛弘,TPEx,8403.TWO,ESVUFR,上櫃,生技醫療業,2011/03/01
8409,商之器,TPEx,8409.TWO,ESVUFR,上櫃,生技醫療業,2013/11/25
8410,森田,TPEx,8410.TWO,ESVUFR,上櫃,電腦及週邊設備業,2011/02/23
8415,大國鋼,TPEx,8415.TWO,ESVUFR,上櫃,鋼鐵工業,2016/09/07
8416,實威,TPEx,8416.TWO,ESVUFR,上櫃,資訊服務業,2012/09/19
8421,旭源,TPEx,8421.TWO,ESVUFR,上櫃,其他業,2012/11/23
8423,保綠-KY,TPEx,8423.TWO,ESVUFR,上櫃,綠能環保,2012/03/14
8424,惠普,TPEx,8424.TWO,ESVUFR,上櫃,建材營造業,2012/12/18
8426,紅木-KY,TPEx,8426.TWO,ESVUFR,上櫃,其他業,2011/12/13
8431,匯鑽科,TPEx,8431.TWO,ESVUFR,上櫃,其他電子業,2015/03/30
8432,東生華,TPEx,8432.TWO,ESVUFR,上櫃,生技醫療業,2012/04/30
8433,弘帆,TPEx,8433.TWO,ESVUFR,上櫃,居家生活,2012/12/19
8435,鉅邁,TPEx,8435.TWO,ESVUFR,上櫃,其他業,2012/12/28
8436,大江,TPEx,8436.TWO,ESVUFR,上櫃,生技醫療業,2013/09/12
8437,大地-KY,TPEx,8437.TWO,ESVUFR,上櫃,其他業,2015/05/06
8440,綠電,TPEx,8440.TWO,ESVUFR,上櫃,綠能環保,2018/03/28
8444,綠河-KY,TPEx,8444.TWO,ESVUFR,上櫃,其他業,2015/10/27
8446,華研,TPEx,8446.TWO,ESVUFR,上櫃,文化創意業,2013/12/19
8450,霹靂,TPEx,8450.TWO,ESVUFR,上櫃,文化創意業,2014/10/07
8455,大拓-KY,TPEx,8455.TWO,ESVUFR,上櫃,其他電子業,2016/01/08
8472,夠麻吉,TPEx,8472.TWO,ESVUFR,上櫃,數位雲端,2016/01/11
8477,創業家,TPEx,8477.TWO,ESVUFR,上櫃,數位雲端,2025/08/25
8489,三貝德,TPEx,8489.TWO,ESVUFR,上櫃,其他業,2017/04/27
8905,裕國,TPEx,8905.TWO,ESVUFR,上櫃,其他業,1996/01/31
8906,花王,TPEx,8906.TWO,ESVUFR,上櫃,其他業,1996/04/23
8908,欣雄,TPEx,8908.TWO,ESVUFR,上櫃,油電燃氣業,1997/02/14
8916,光隆,TPEx,8916.TWO,ESVUFR,上櫃,其他業,1999/04/20
8917,欣泰,TPEx,8917.TWO,ESVUFR,上櫃,油電燃氣業,1999/05/06
8921,沈氏,TPEx,8921.TWO,ESVUFR,上櫃,其他業,2000/03/21
8923,時報,TPEx,8923.TWO,ESVUFR,上櫃,文化創意業,1999/12/27
8924,大田,TPEx,8924.TWO,ESVUFR,上櫃,運動休閒,2000/02/09
8927,北基,TPEx,8927.TWO,ESVUFR,上櫃,油電燃氣業,2000/11/02
8928,鉅明,TPEx,8928.TWO,ESVUFR,上櫃,運動休閒,2001/02/02
8929,富堡,TPEx,8929.TWO,ESVUFR,上櫃,其他業,2000/11/30
8930,青鋼,TPEx,8930.TWO,ESVUFR,上櫃,鋼鐵工業,2000/12/06
8931,大汽電,TPEx,8931.TWO,ESVUFR,上櫃,油電燃氣業,2001/05/10
8932,智通*,TPEx,8932.TWO,ESVUFR,上櫃,數位雲端,2001/03/29
8933,愛地雅,TPEx,8933.TWO,ESVUFR,上櫃,運動休閒,2001/03/28
8935,邦泰,TPEx,8935.TWO,ESVUFR,上櫃,其他業,2002/03/26
8936,國統,TPEx,8936.TWO,ESVUFR,上櫃,其他業,2002/09/09
8937,合騏*,TPEx,8937.TWO,ESVUFR,上櫃,其他業,2002/10/29
8938,明安,TPEx,8938.TWO,ESVUFR,上櫃,運動休閒,2002/12/02
8941,關中,TPEx,8941.TWO,ESVUFR,上櫃,居家生活,2003/01/20
8942,森鉅,TPEx,8942.TWO,ESVUFR,上櫃,其他業,2003/05/16
9949,琉園,TPEx,9949.TWO,ESVUFR,上櫃,文化創意業,2003/11/21
9950,萬國通,TPEx,9950.TWO,ESVUFR,上櫃,塑膠工業,2004/02/17
9951,皇田,TPEx,9951.TWO,ESVUFR,上櫃,電機機械,2003/12/18
9960,邁達康,TPEx,9960.TWO,ESVUFR,上櫃,運動休閒,2004/12/06
9962,有益,TPEx,9962.TWO,ESVUFR,上櫃,鋼鐵工業,2006/07/10
